item_id,doi,title,authors,year,container,type,abstract,in_journal_list,n_citing_sources,cited_by,raw_reference,tfidf,snowball_score
ref:4b09ba1dc554,,Studies in the Theory of Capital Markets,Black Fischer,1972,,book,,False,7,Blitz (2016); CEDERBURG (2016); Drobetz (2024); Irvine (2024); Oderda (2015); seed: Benchmarks as Limits to Arbitrage: Under,,,0.9329
10.1111/j.1540-6261.1997.tb03808.x,10.1111/j.1540-6261.1997.tb03808.x,On Persistence in Mutual Fund Performance,"Carhart, Mark M.",1997,The Journal of Finance,journal-article,"Using a sample free of survivor bias, I demonstrate that common factors in stock returns and investment expenses almost completely explain persistence in equity mutual funds' mean and risk‐adjusted returns. Hendricks, Patel and Zeckhauser's (1993) “hot hands” result is mostly driven by the one‐year momentum effect of Jegadeesh and Titman (1993) , but individual funds do not earn higher returns from following the momentum strategy in stocks. The only significant persistence not explained is concentrated in strong underperformance by the worst‐return mutual funds. The results do not support the existence of skilled or informed mutual fund portfolio managers.",True,18,BOWLES (2024); Bali (2017); Barroso (2025); Bradrania (2023); Brogaard (2022); Cao (2016),,0.0046,0.9306
10.1093/rfs/hhy131,10.1093/rfs/hhy131,Replicating Anomalies,"Hou, Kewei; Xue, Chen; Zhang, Lu",2018,The Review of Financial Studies,journal-article,"Most anomalies fail to hold up to currently acceptable standards for empirical finance. With microcaps mitigated via NYSE breakpoints and value-weighted returns, 65% of the 452 anomalies in our extensive data library, including 96% of the trading frictions category, cannot clear the single test hurdle of the absolute $t$-value of 1.96. Imposing the higher multiple test hurdle of 2.78 at the 5% significance level raises the failure rate to 82%. Even for replicated anomalies, their economic magnitudes are much smaller than originally reported. In all, capital markets are more efficient than previously recognized. Received June 12, 2017; editorial decision October 29, 2018 by Editor Stijn Van Nieuwerburgh. Authors have furnished an Internet Appendix, which is available on the Oxford University Press Web site next to the link to the final published paper online.",True,7,BOWLES (2024); Drobetz (2024); Han (2024); Jo (2026); Karolyi (2020); Soebhag (2024),,0.0163,0.926
10.1093/rfs/hhm075,10.1093/rfs/hhm075,Optimal Versus Naive Diversification: How Inefficient is the 1/ N Portfolio Strategy?,"DeMiguel, Victor; Garlappi, Lorenzo; Uppal, Raman",2007,Review of Financial Studies,journal-article,,True,7,Costa (2023); Jensen (2026); Mei (2018); Olivares-Nadal (2018); Simon (2026); Wang (2020),,0.0147,0.9219
10.1111/j.1540-6261.1993.tb04702.x,10.1111/j.1540-6261.1993.tb04702.x,Returns to Buying Winners and Selling Losers: Implications for Stock Market Efficiency,"JEGADEESH, NARASIMHAN; TITMAN, SHERIDAN",1993,The Journal of Finance,journal-article,"This paper documents that strategies which buy stocks that have performed well in the past and sell stocks that have performed poorly in the past generate significant positive returns over 3‐to 12‐month holding periods. We find that the profitability of these strategies are not due to their systematic risk or to delayed stock price reactions to common factors. However, part of the abnormal returns generated in the first year after portfolio formation dissipates in the following two years. A similar pattern of returns around the earnings announcements of past winners and losers is also documented.",True,10,BOWLES (2024); Bali (2017); Barroso (2025); Bradrania (2023); Brogaard (2022); Cao (2016),,0.005,0.9209
10.1111/j.1540-6261.2011.01671.x,10.1111/j.1540-6261.2011.01671.x,Presidential Address: Discount Rates,"COCHRANE, JOHN H.",2011,The Journal of Finance,journal-article,"Discount‐rate variation is the central organizing question of current asset‐pricing research. I survey facts, theories, and applications. Previously, we thought returns were unpredictable, with variation in price‐dividend ratios due to variation in expected cashflows. Now it seems all price‐dividend variation corresponds to discount‐rate variation. We also thought that the cross‐section of expected returns came from the CAPM. Now we have a zoo of new factors. I categorize discount‐rate theories based on central ingredients and data sources. Incorporating discount‐rate variation affects finance applications, including portfolio theory, accounting, cost of capital, capital structure, compensation, and macroeconomics.",True,13,Babiak (2026); Barroso (2025); Drobetz (2024); Fallahgoul (2024); Jo (2026); Karolyi (2020),,0.0043,0.917
10.2307/1913625,10.2307/1913625,A Test of the Efficiency of a Given Portfolio,"Gibbons, Michael R.; Ross, Stephen A.; Shanken, Jay",1989,Econometrica,journal-article,,False,6,Allena (2025); Fama (2015); Irvine (2024); Linnainmaa (2018); Soebhag (2024); seed: Characteristics are covariances: A unifi,,0.0216,0.9136
10.1111/0022-1082.00148,10.1111/0022-1082.00148,Conditioning Variables and the Cross Section of Stock Returns,"Ferson, Wayne E.; Harvey, Campbell R.",1999,The Journal of Finance,journal-article,"Previous studies identify predetermined variables that predict stock and bond returns through time. This paper shows that loadings on the same variables provide significant cross‐sectional explanatory power for stock portfolio returns. The loadings are significant given the three factors advocated by Fama and French (1993) and the four factors of Elton, Gruber, and Blake (1995). The explanatory power of the loadings on lagged variables is robust to various portfolio grouping procedures and other considerations. The results carry implications for risk analysis, performance measurement, cost‐of‐capital calculations, and other applications.",True,8,Allena (2025); CEDERBURG (2016); Drobetz (2024); Kim (2020); de Roon (2012); seed: Characteristics are covariances: A unifi,,0.008,0.9135
ref:3c073ab4a329,,Deep Learning,Goodfellow,2016,,unknown,,False,6,Fallahgoul (2024); Wang (2020); seed: Autoencoder asset pricing models; seed: Deep Learning in Asset Pricing; seed: Empirical Asset Pricing via Machine Lear; seed: Recent advances in reinforcement learnin,,,0.9055
10.1287/moor.15.4.676,10.1287/moor.15.4.676,Portfolio Selection with Transaction Costs,"Davis, M. H. A.; Norman, A. R.",1990,Mathematics of Operations Research,journal-article,"In this paper, optimal consumption and investment decisions are studied for an investor who has available a bank account paying a fixed rate of interest and a stock whose price is a log-normal diffusion. This problem was solved by Merton and others when transactions between bank and stock are costless. Here we suppose that there are charges on all transactions equal to a fixed percentage of the amount transacted. It is shown that the optimal buying and selling policies are the local times of the two-dimensional process of bank and stock holdings at the boundaries of a wedge-shaped region which is determined by the solution of a nonlinear free boundary problem. An algorithm for solving the free boundary problem is given.",False,8,Blomvall (2026); Jensen (2026); Mei (2018); Moallemi (2017); Novy-Marx (2015); Olivares-Nadal (2018),,0.0045,0.8973
10.21314/jor.2001.041,10.21314/jor.2001.041,Optimal execution of portfolio transactions,"Almgren, Robert; Chriss, Neil",2001,The Journal of Risk,journal-article,,False,5,Moallemi (2017); Muhle-Karbe (2026); Wang (2020); seed: Dynamic Trading with Predictable Returns; seed: Recent advances in reinforcement learnin,,0.022,0.8902
10.1016/0022-0531(71)90038-x,10.1016/0022-0531(71)90038-x,Optimum consumption and portfolio rules in a continuous-time model,"Merton, Robert C",1971,Journal of Economic Theory,journal-article,,False,5,Blomvall (2026); Mei (2018); Moallemi (2017); Muhle-Karbe (2026); seed: Learning to trade via direct reinforceme,,0.0157,0.8821
ref:0f1b52969caa,,Do stock prices fully reflect information in accruals and cash flows about future earnings?,Sloan,1996,Accounting Review,unknown,,False,5,Barroso (2025); Kim (2020); Linnainmaa (2018); Novy-Marx (2015); seed: … and the Cross-Section of Expected Retu,,,0.8643
ref:e1954177fd76,,Asset Pricing,Cochrane John H.,2005,,book,,False,5,Barroso (2025); CEDERBURG (2016); Fallahgoul (2024); Yan (2017); seed: Characteristics are covariances: A unifi,,,0.8643
ref:9d23c40830a4,,Capital asset prices: A theory of market equilibrium under conditions of risk,Sharpe,1964,J. Finance,unknown,,False,5,Barroso (2025); Bradrania (2023); Drobetz (2024); Fama (2015); Linnainmaa (2018),,,0.8643
10.1002/asmb.2209,10.1002/asmb.2209,Deep learning for finance: deep portfolios,"Heaton, J. B.; Polson, N. G.; Witte, J. H.",2016,Applied Stochastic Models in Business and Industry,journal-article,"We explore the use of deep learning hierarchical models for problems in financial prediction and classification. Financial prediction problems – such as those presented in designing and pricing securities, constructing portfolios, and risk management – often involve large data sets with complex data interactions that currently are difficult or impossible to specify in a full economic model. Applying deep learning methods to these problems can produce more useful results than standard methods in finance. In particular, deep learning can detect and exploit interactions in the data that are, at least currently, invisible to any existing financial economic theory. Copyright © 2016 John Wiley & Sons, Ltd.",False,4,Babiak (2026); Simon (2026); seed: Deep Learning in Asset Pricing; seed: Machine Learning vs. Economic Restrictio,,0.032,0.8571
10.1111/j.1540-6261.1997.tb02724.x,10.1111/j.1540-6261.1997.tb02724.x,Measuring Mutual Fund Performance with Characteristic‐Based Benchmarks,"DANIEL, KENT; GRINBLATT, MARK; TITMAN, SHERIDAN; WERMERS, RUSS",1997,The Journal of Finance,journal-article,"This article develops and applies new measures of portfolio performance which use benchmarks based on the characteristics of stocks held by the portfolios that are evaluated. Specifically, the benchmarks are constructed from the returns of 125 passive portfolios that are matched with stocks held in the evaluated portfolio on the basis of the market capitalization, book‐to‐market, and prior‐year return characteristics of those stocks. Based on these benchmarks, “Characteristic Timing” and “Characteristic Selectivity” measures are developed that detect, respectively, whether portfolio managers successfully time their portfolio weightings on these characteristics and whether managers can select stocks that outperform the average stock having the same characteristics. We apply these measures to a new database of mutual fund holdings covering over 2500 equity funds from 1975 to 1994. Our results show that mutual funds, particularly aggressive‐growth funds, exhibit some selectivity ability, but that funds exhibit no characteristic timing ability.",True,4,BOWLES (2024); Cao (2016); Daniel (2020); Irvine (2024),,0.0086,0.822
ref:b8caf0b111b7,,Portfolio selection,Markowitz,1952,The Journal of Finance,unknown,,False,4,Carrasco (2023); Daniel (2020); Jensen (2026); Wang (2022),,,0.7912
ref:6f4140d1b8c6,,The capital asset pricing model: Some empirical tests,Black,1972,,unknown,,False,4,Barroso (2025); Blitz (2017); Bradrania (2023); seed: Betting against beta,,,0.7912
10.1016/j.jempfin.2005.12.001,10.1016/j.jempfin.2005.12.001,CAPM over the long run: 1926–2001,"Ang, Andrew; Chen, Joseph",2007,Journal of Empirical Finance,journal-article,,True,3,CEDERBURG (2016); Drobetz (2024); Linnainmaa (2018),,0.0771,0.7828
10.1111/j.1540-6261.1952.tb01525.x,10.1111/j.1540-6261.1952.tb01525.x,PORTFOLIO SELECTION*,"Markowitz, Harry",1952,The Journal of Finance,journal-article,,True,3,Wang (2020); seed: Dynamic Trading with Predictable Returns; seed: Recent advances in reinforcement learnin,,0.0462,0.7781
10.1111/jofi.13477,10.1111/jofi.13477,Forest through the Trees: Building Cross‐Sections of Stock Returns,"BRYZGALOVA, SVETLANA; PELGER, MARKUS; ZHU, JASON",2025,The Journal of Finance,journal-article,"We build cross‐sections of asset returns for a given set of characteristics, that is, managed portfolios serving as test assets, as well as building blocks for tradable risk factors. We use decision trees to endogenously group similar stocks together by selecting optimal portfolio splits to span the stochastic discount factor, projected on individual stocks. Our portfolios are interpretable and well diversified, reflecting many characteristics and their interactions. Compared to combinations of dozens (even hundreds) of single/double sorts, as well as machine‐learning prediction‐based portfolios, our cross‐sections are low‐dimensional yet have up to three times higher out‐of‐sample Sharpe ratios and alphas.",True,3,Allena (2025); Guijarro-Ordonez (2026); Simon (2026),,0.0257,0.7626
10.1016/0304-405x(93)90023-5,10.1016/0304-405x(93)90023-5,Common risk factors in the returns on stocks and bonds,"Fama, Eugene F.; French, Kenneth R.",1993,Journal of Financial Economics,journal-article,,True,35,Bali (2011); Bali (2017); Barroso (2025); Blitz (2016); Blitz (2017); Bradrania (2023),,0.0,0.7622
10.1016/j.jet.2016.06.001,10.1016/j.jet.2016.06.001,Dynamic portfolio choice with frictions,"Gârleanu, Nicolae; Pedersen, Lasse Heje",2016,Journal of Economic Theory,journal-article,,False,3,Jensen (2026); Muhle-Karbe (2026); seed: Machine Learning and the Implementable E,,0.0232,0.7612
10.1111/j.1540-6261.1992.tb04398.x,10.1111/j.1540-6261.1992.tb04398.x,The Cross‐Section of Expected Stock Returns,"FAMA, EUGENE F.; FRENCH, KENNETH R.",1992,The Journal of Finance,journal-article,"Two easily measured variables, size and book‐to‐market equity, combine to capture the cross‐sectional variation in average stock returns associated with market β , size, leverage, book‐to‐market equity, and earnings‐price ratios. Moreover, when the tests allow for variation in β that is unrelated to size, the relation between market β and average return is flat, even when β is the only explanatory variable.",True,15,BOWLES (2024); Bali (2017); Blitz (2017); Butler (2023); CEDERBURG (2016); Cao (2016),,0.0,0.7576
10.1086/260061,10.1086/260061,"Risk, Return, and Equilibrium: Empirical Tests","Fama, Eugene F.; MacBeth, James D.",1973,Journal of Political Economy,journal-article,,False,15,Bali (2011); Bali (2017); Blitz (2016); Blitz (2017); Bradrania (2023); CEDERBURG (2016),,0.0,0.7576
10.1016/j.jfineco.2019.06.008,10.1016/j.jfineco.2019.06.008,Shrinking the cross-section,"Kozak, Serhiy; Nagel, Stefan; Santosh, Shrihari",2020,Journal of Financial Economics,journal-article,,True,12,Allena (2025); Babiak (2026); Drobetz (2024); Guijarro-Ordonez (2026); Han (2024); Jo (2026),,0.0,0.7521
10.1093/rfs/hhm014,10.1093/rfs/hhm014,A Comprehensive Look at The Empirical Performance of Equity Premium Prediction,"Welch, Ivo; Goyal, Amit",2007,Review of Financial Studies,journal-article,,True,12,Allena (2025); Babiak (2026); Fallahgoul (2024); Han (2024); Simon (2026); Zhao (2022),,0.0,0.7521
10.1086/295472,10.1086/295472,Capital Market Equilibrium with Restricted Borrowing,"Black, Fischer",1972,The Journal of Business,journal-article,,False,10,Barroso (2025); Bradrania (2023); CEDERBURG (2016); Li (2014); Li (2016); Novy-Marx (2015),,0.0,0.7466
10.1016/j.jfineco.2013.01.003,10.1016/j.jfineco.2013.01.003,The other side of value: The gross profitability premium,"Novy-Marx, Robert",2013,Journal of Financial Economics,journal-article,,True,10,Barroso (2025); Blitz (2017); Daniel (2020); Fama (2015); Karolyi (2020); Linnainmaa (2018),,0.0,0.7466
10.1016/s1386-4181(01)00024-6,10.1016/s1386-4181(01)00024-6,Illiquidity and stock returns: cross-section and time-series effects,"Amihud, Yakov",2002,Journal of Financial Markets,journal-article,,False,10,Bali (2011); Bali (2017); Bradrania (2023); Cao (2016); Carrasco (2023); Li (2014),,0.0,0.7466
10.3905/jpm.1993.409440,10.3905/jpm.1993.409440,"The Effect of Errors in Means, Variances, and Covariances on Optimal Portfolio Choice","Chopra, Vijay Kumar.; Ziemba, William T.",1993,The Journal of Portfolio Management,journal-article,,True,3,Butler (2023); Costa (2023); Olivares-Nadal (2018),,0.0143,0.745
10.1016/s0304-405x(99)00004-5,10.1016/s0304-405x(99)00004-5,Transaction costs and predictability: some utility cost calculations,"Balduzzi, P",1999,Journal of Financial Economics,journal-article,,True,9,Brogaard (2022); Carrasco (2023); Jensen (2026); Mei (2018); Moallemi (2017); Olivares-Nadal (2018),,0.0,0.7384
10.1111/j.1540-6261.2008.01371.x,10.1111/j.1540-6261.2008.01371.x,Dissecting Anomalies,"FAMA, EUGENE F.; FRENCH, KENNETH R.",2008,The Journal of Finance,journal-article,"The anomalous returns associated with net stock issues, accruals, and momentum are pervasive; they show up in all size groups (micro, small, and big) in cross‐section regressions, and they are also strong in sorts, at least in the extremes. The asset growth and profitability anomalies are less robust. There is an asset growth anomaly in average returns on microcaps and small stocks, but it is absent for big stocks. Among profitable firms, higher profitability tends to be associated with abnormally high returns, but there is little evidence that unprofitable firms have unusually low returns.",True,9,Cao (2016); Drobetz (2024); Fama (2015); Jo (2026); Novy-Marx (2015); Soebhag (2024),,0.0,0.7384
10.2307/1913610,10.2307/1913610,"A Simple, Positive Semi-Definite, Heteroskedasticity and Autocorrelation Consistent Covariance Matrix","Newey, Whitney K.; West, Kenneth D.",1987,Econometrica,journal-article,,False,9,Bali (2011); Bradrania (2023); CEDERBURG (2016); Cao (2016); Drobetz (2024); Han (2024),,0.0,0.7384
10.1093/rfs/hhu068,10.1093/rfs/hhu068,Digesting Anomalies: An Investment Approach,"Hou, Kewei; Xue, Chen; Zhang, Lu",2014,Review of Financial Studies,journal-article,,True,9,Blitz (2017); Han (2024); Karolyi (2020); Kim (2020); Lettau (2020); Linnainmaa (2018),,0.0,0.7384
10.1086/374184,10.1086/374184,Liquidity Risk and Expected Stock Returns,"Pástor, Ľuboš; Stambaugh, Robert F.",2003,Journal of Political Economy,journal-article,,False,9,Bali (2011); Bali (2017); Daniel (2020); Fama (2015); Irvine (2024); Kim (2020),,0.0,0.7384
10.1111/j.1540-6261.1991.tb02675.x,10.1111/j.1540-6261.1991.tb02675.x,An Exact Solution to a Dynamic Portfolio Choice Problem under Transactions Costs,"DUMAS, BERNARD; LUCIANO, ELISA",1991,The Journal of Finance,journal-article,"The presence of any friction in financial markets qualitatively changes the nature of the optimization problem faced by an investor. It requires one to either act or do nothing, an issue which, of course, does not arise in frictionless situations. The investor considered here accumulates wealth without consuming until some terminal point in time when he consumes all. His objective is to maximize the expected utility derived from that terminal consumption. We postpone the terminal point far into the future to obtain a stationary portfolio rule. The portfolio policy is in the form of two control barriers between which portfolio proportions are allowed to fluctuate. We show how to calculate them.",True,3,Carrasco (2023); Moallemi (2017); Muhle-Karbe (2026),,0.011,0.7382
10.1287/moor.28.1.1.14260,10.1287/moor.28.1.1.14260,Robust Portfolio Selection Problems,"Goldfarb, D.; Iyengar, G.",2003,Mathematics of Operations Research,journal-article,"In this paper we show how to formulate and solve robust portfolio selection problems. The objective of these robust formulations is to systematically combat the sensitivity of the optimal portfolio to statistical and modeling errors in the estimates of the relevant market parameters. We introduce “uncertainty structures” for the market parameters and show that the robust portfolio selection problems corresponding to these uncertainty structures can be reformulated as secondorder cone programs and, therefore, the computational effort required to solve them is comparable to that required for solving convex quadratic programs. Moreover, we show that these uncertainty structures correspond to confidence regions associated with the statistical procedures employed to estimate the market parameters. Finally, we demonstrate a simple recipe for efficiently computing robust portfolios given raw market data and a desired level of confidence.",False,3,Butler (2023); Costa (2023); Olivares-Nadal (2018),,0.0094,0.7355
10.1111/j.1540-6261.2010.01598.x,10.1111/j.1540-6261.2010.01598.x,Luck versus Skill in the Cross‐Section of Mutual Fund Returns,"FAMA, EUGENE F.; FRENCH, KENNETH R.",2010,The Journal of Finance,journal-article,"The aggregate portfolio of actively managed U.S. equity mutual funds is close to the market portfolio, but the high costs of active management show up intact as lower returns to investors. Bootstrap simulations suggest that few funds produce benchmark‐adjusted expected returns sufficient to cover their costs. If we add back the costs in fund expense ratios, there is evidence of inferior and superior performance (nonzero true α ) in the extreme tails of the cross‐section of mutual fund α estimates.",True,3,Daniel (2020); Yan (2017); seed: … and the Cross-Section of Expected Retu,,0.0086,0.7328
10.1111/0022-1082.00287,10.1111/0022-1082.00287,Predictability and Transaction Costs: The Impact on Rebalancing Rules and Behavior,"Lynch, Anthony W.; Balduzzi, Pierluigi",2000,The Journal of Finance,journal-article,"Recent papers show that predictability calibrated to U.S. data has a large effect on the rebalancing behavior of a multiperiod investor. We find that this continues to be true in the presence of realistic transaction costs. In particular, predictability causes the no‐trade region for the risky‐asset holding to become state dependent and, on average, wider and higher. Predictability also motivates the investor to spend considerably more on rebalancing and to rebalance more often. In other results, we find that introducing costly liquidation of the risky asset for consumption lowers the average allocation to the risky asset, though only marginally early in life. Our experiments also vary the nature of the return predictability and introduce return heteroskedasticity.",True,8,Brogaard (2022); Carrasco (2023); Jensen (2026); Mei (2018); Moallemi (2017); de Roon (2012),,0.0,0.7311
10.1093/0198296940.001.0001,10.1093/0198296940.001.0001,Strategic Asset Allocation: Portfolio Choice for Long-Term Investors,"Campbell, John Y.; Viceira, Luis M.",2002,Oxford University PressOxford,edited-book,"One of the most important decisions many people face is the choice of a portfolio of assets for retirement savings. The leading academic paradigm of portfolio choice, the mean‐variance analysis of Markowitz, does not give adequate guidance for this long‐term investment problem because it assumes that investors care only about the mean and variance of return over a single short period. The book develops an alternative paradigm, the inter‐temporal model of Merton, into an empirically usable framework with the following implications. The safe asset for a long‐term investor is not a Treasury bill, but a long‐term inflation‐indexed bond that provides a stable stream of real income. A nominal bond is a good substitute for an inflation‐indexed bond only if inflation risk is low. There is evidence that stock returns are mean‐reverting, with bull markets tending to follow bear markets and vice versa; this suggests that long‐term investors should increase their average stockholdings but should also vary their stockholdings with the overall level of the stock market. Investors with a stable stream of labour income can afford a greater exposure to stock market risk.",False,3,Carrasco (2023); Moallemi (2017); seed: Dynamic Trading with Predictable Returns,,0.0069,0.7288
10.1111/j.1540-6261.2004.00656.x,10.1111/j.1540-6261.2004.00656.x,Are Momentum Profits Robust to Trading Costs?,"Korajczyk, Robert A.; Sadka, Ronnie",2004,The Journal of Finance,journal-article,"We test whether momentum strategies remain profitable after considering market frictions induced by trading. Intraday data are used to estimate alternative measures of proportional and non‐proportional (price impact) trading costs. The price impact models imply that abnormal returns to portfolio strategies decline with portfolio size. We calculate break‐even fund sizes that lead to zero abnormal returns. In addition to equal‐ and value‐weighted momentum strategies, we derive a liquidity‐weighted strategy designed to reduce the cost of trades. Equal‐weighted strategies perform the best before trading costs and the worst after trading costs. Liquidity‐weighted and hybrid liquidity/value‐weighted strategies have the largest break‐even fund sizes: $5 billion or more (relative to December 1999 market capitalization) may be invested in these momentum strategies before the apparent profit opportunities vanish.",True,3,Novy-Marx (2015); de Roon (2012); seed: Does Academic Research Destroy Stock Ret,,0.0063,0.7261
10.1086/261410,10.1086/261410,Capital Market Equilibrium with Transaction Costs,"Constantinides, George M.",1986,Journal of Political Economy,journal-article,,False,7,Jensen (2026); Mei (2018); Moallemi (2017); Olivares-Nadal (2018); seed: Dynamic Trading with Predictable Returns; seed: Machine Learning and the Implementable E,,0.0,0.7219
10.1561/104.00000024,10.1561/104.00000024,The Cross-section of Expected Stock Returns,"Lewellen, Jonathan",2015,Critical Finance Review,journal-article,,False,7,Allena (2025); Drobetz (2024); Han (2024); Kim (2020); seed: Characteristics are covariances: A unifi; seed: Does Academic Research Destroy Stock Ret,,0.0,0.7219
10.2307/1924119,10.2307/1924119,The Valuation of Risk Assets and the Selection of Risky Investments in Stock Portfolios and Capital Budgets,"Lintner, John",1965,The Review of Economics and Statistics,journal-article,,False,7,Bali (2011); Bali (2017); Barroso (2025); Fama (2015); Linnainmaa (2018); Oderda (2015),,0.0,0.7219
10.1016/0022-0531(76)90046-6,10.1016/0022-0531(76)90046-6,The arbitrage theory of capital asset pricing,"Ross, Stephen A",1976,Journal of Economic Theory,journal-article,,False,7,Barroso (2025); Daniel (2020); Kim (2020); Lettau (2020); seed: Autoencoder asset pricing models; seed: Characteristics are covariances: A unifi,,0.0,0.7219
10.1111/jofi.13249,10.1111/jofi.13249,Is There a Replication Crisis in Finance?,"JENSEN, THEIS INGERSLEV; KELLY, BRYAN; PEDERSEN, LASSE HEJE",2023,The Journal of Finance,journal-article,"Several papers argue that financial economics faces a replication crisis because the majority of studies cannot be replicated or are the result of multiple testing of too many factors. We develop and estimate a Bayesian model of factor replication that leads to different conclusions. The majority of asset pricing factors (i) can be replicated; (ii) can be clustered into 13 themes, the majority of which are significant parts of the tangency portfolio; (iii) work out‐of‐sample in a new large data set covering 93 countries; and (iv) have evidence that is strengthened (not weakened) by the large number of observed factors.",True,3,Jensen (2026); Soebhag (2024); seed: Machine Learning and the Implementable E,,0.0047,0.7207
10.1016/j.jacceco.2014.06.001,10.1016/j.jacceco.2014.06.001,Have capital market anomalies attenuated in the recent era of high liquidity and trading activity?,"Chordia, Tarun; Subrahmanyam, Avanidhar; Tong, Qing",2014,Journal of Accounting and Economics,journal-article,,False,6,BOWLES (2024); Brogaard (2022); Linnainmaa (2018); Novy-Marx (2015); seed: Machine Learning vs. Economic Restrictio; seed: … and the Cross-Section of Expected Retu,,0.0,0.7055
10.1111/j.1540-6261.2008.01370.x,10.1111/j.1540-6261.2008.01370.x,Asset Growth and the Cross‐Section of Stock Returns,"COOPER, MICHAEL J.; GULEN, HUSEYIN; SCHILL, MICHAEL J.",2008,The Journal of Finance,journal-article,"We test for firm‐level asset investment effects in returns by examining the cross‐sectional relation between firm asset growth and subsequent stock returns. Asset growth rates are strong predictors of future abnormal returns. Asset growth retains its forecasting ability even on large capitalization stocks. When we compare asset growth rates with the previously documented determinants of the cross‐section of returns (i.e., book‐to‐market ratios, firm capitalization, lagged returns, accruals, and other growth measures), we find that a firm's annual asset growth rate emerges as an economically and statistically significant predictor of the cross‐section of U.S. stock returns.",True,6,BOWLES (2024); Barroso (2025); Linnainmaa (2018); Novy-Marx (2015); Yan (2017); seed: … and the Cross-Section of Expected Retu,,0.0,0.7055
10.1016/0304-405x(88)90020-7,10.1016/0304-405x(88)90020-7,Dividend yields and expected stock returns,"Fama, Eugene F.; French, Kenneth R.",1988,Journal of Financial Economics,journal-article,,True,6,Babiak (2026); Blomvall (2026); CEDERBURG (2016); Carrasco (2023); Karolyi (2020); Zhao (2022),,0.0,0.7055
10.1093/rfs/hhm055,10.1093/rfs/hhm055,Predicting Excess Stock Returns Out of Sample: Can Anything Beat the Historical Average?,"Campbell, John Y.; Thompson, Samuel B.",2007,Review of Financial Studies,journal-article,,True,6,Babiak (2026); Han (2024); Jo (2026); Zhao (2022); seed: Empirical Asset Pricing via Machine Lear; seed: The Virtue of Complexity in Return Predi,,0.0,0.7055
10.1093/rfs/hhw107,10.1093/rfs/hhw107,Mispricing Factors,"Stambaugh, Robert F.; Yuan, Yu",2016,The Review of Financial Studies,journal-article,,True,6,Barroso (2025); Han (2024); Kim (2020); Soebhag (2024); seed: Characteristics are covariances: A unifi; seed: Machine Learning vs. Economic Restrictio,,0.0,0.7055
10.1111/j.1540-6261.1996.tb05202.x,10.1111/j.1540-6261.1996.tb05202.x,Multifactor Explanations of Asset Pricing Anomalies,"FAMA, EUGENE F.; FRENCH, KENNETH R.",1996,The Journal of Finance,journal-article,"Previous work shows that average returns on common stocks are related to firm characteristics like size, earnings/price, cash flow/price, book‐to‐market equity, past sales growth, long‐term past return, and short‐term past return. Because these patterns in average returns apparently are not explained by the CAPM, they are called anomalies. We find that, except for the continuation of short‐term returns, the anomalies largely disappear in a three‐factor model. Our results are consistent with rational ICAPM or APT asset pricing, but we also consider irrational pricing and data problems as possible explanations.",True,6,Barroso (2025); Daniel (2020); Linnainmaa (2018); Moallemi (2017); Yan (2017); seed: Betting against beta,,0.0,0.7055
10.1016/j.jacceco.2004.10.002,10.1016/j.jacceco.2004.10.002,Do investors overvalue firms with bloated balance sheets?,"Hirshleifer, David; Kewei Hou; Teoh, Siew Hong; Yinglei Zhang",2004,Journal of Accounting and Economics,journal-article,,False,6,BOWLES (2024); Bali (2017); Barroso (2025); Linnainmaa (2018); Yan (2017); seed: … and the Cross-Section of Expected Retu,,0.0,0.7055
10.1093/rfs/3.3.431,10.1093/rfs/3.3.431,Data-Snooping Biases in Tests of Financial Asset Pricing Models,"Lo, Andrew W.; MacKinlay, A. Craig",1990,Review of Financial Studies,journal-article,,True,6,Drobetz (2024); Linnainmaa (2018); Yan (2017); seed: Does Academic Research Destroy Stock Ret; seed: Empirical Asset Pricing via Machine Lear; seed: … and the Cross-Section of Expected Retu,,0.0,0.7055
10.1111/j.1540-6261.2004.00634.x,10.1111/j.1540-6261.2004.00634.x,Optimal Consumption and Investment with Transaction Costs and Multiple Risky Assets,"Liu, Hong",2004,The Journal of Finance,journal-article,"We consider the optimal intertemporal consumption and investment policy of a constant absolute risk aversion (CARA) investor who faces fixed and proportional transaction costs when trading multiple risky assets. We show that when asset returns are uncorrelated, the optimal investment policy is to keep the dollar amount invested in each risky asset between two constant levels and upon reaching either of these thresholds, to trade to the corresponding optimal targets. An extensive analysis suggests that transaction cost is an important factor in affecting trading volume and that it can significantly diminish the importance of stock return predictability as reported in the literature.",True,6,Blomvall (2026); Carrasco (2023); Mei (2018); Moallemi (2017); de Roon (2012); seed: Dynamic Trading with Predictable Returns,,0.0,0.7055
10.1016/0304-405x(95)00868-f,10.1016/0304-405x(95)00868-f,Commonality in the determinants of expected stock returns,"Haugen, Robert A.; Baker, Nardin L.",1996,Journal of Financial Economics,journal-article,,True,5,Fama (2015); Han (2024); Linnainmaa (2018); Novy-Marx (2015); seed: Does Academic Research Destroy Stock Ret,,0.0,0.6808
10.1093/rfs/1.3.195,10.1093/rfs/1.3.195,The Dividend-Price Ratio and Expectations of Future Dividends and Discount Factors,"Campbell, John Y.; Shiller, Robert J.",1988,Review of Financial Studies,journal-article,,True,5,Babiak (2026); Barroso (2025); Fama (2015); Karolyi (2020); Zhao (2022),,0.0,0.6808
10.1111/j.1540-6261.1990.tb05110.x,10.1111/j.1540-6261.1990.tb05110.x,Evidence of Predictable Behavior of Security Returns,"JEGADEESH, NARASIMHAN",1990,The Journal of Finance,journal-article,"This paper presents new empirical evidence of predictability of individual stock returns. The negative first‐order serial correlation in monthly stock returns is highly significant. Furthermore, significant positive serial correlation is found at longer lags, and the twelve‐month serial correlation is particularly strong. Using the observed systematic behavior of stock returns, one‐step‐ahead return forecasts are made and ten portfolios are formed from the forecasts. The difference between the abnormal returns on the extreme decile portfolios over the period 1934–1987 is 2.49 percent per month .",True,5,Bali (2017); Bradrania (2023); Cao (2016); Han (2024); Yan (2017),,0.0,0.6808
10.1007/s11142-013-9231-1,10.1007/s11142-013-9231-1,The supraview of return predictive signals,"Green, Jeremiah; Hand, John R. M.; Zhang, X. Frank",2013,Review of Accounting Studies,journal-article,,False,5,Babiak (2026); Yan (2017); seed: Does Academic Research Destroy Stock Ret; seed: Empirical Asset Pricing via Machine Lear; seed: … and the Cross-Section of Expected Retu,,0.0,0.6808
10.1111/j.1540-6261.1997.tb03807.x,10.1111/j.1540-6261.1997.tb03807.x,The Limits of Arbitrage,"Shleifer, Andrei; Vishny, Robert W.",1997,The Journal of Finance,journal-article,"Textbook arbitrage in financial markets requires no capital and entails no risk. In reality, almost all arbitrage requires capital, and is typically risky. Moreover, professional arbitrage is conducted by a relatively small number of highly specialized investors using other people's capital. Such professional arbitrage has a number of interesting implications for security pricing, including the possibility that arbitrage becomes ineffective in extreme circumstances, when prices diverge far from fundamental values. The model also suggests where anomalies in financial markets are likely to appear, and why arbitrage fails to eliminate them.",True,5,Barroso (2025); Cao (2016); Linnainmaa (2018); Yan (2017); seed: Does Academic Research Destroy Stock Ret,,0.0,0.6808
10.2307/1910098,10.2307/1910098,Equilibrium in a Capital Asset Market,"Mossin, Jan",1966,Econometrica,journal-article,,False,5,Bali (2011); Bali (2017); Drobetz (2024); Oderda (2015); seed: … and the Cross-Section of Expected Retu,,0.0,0.6808
10.1214/15-aos1364,10.1214/15-aos1364,Projected principal component analysis in factor models,"Fan, Jianqing; Liao, Yuan; Wang, Weichen",2016,The Annals of Statistics,journal-article,,False,5,Drobetz (2024); Kim (2020); Lettau (2020); seed: Autoencoder asset pricing models; seed: Characteristics are covariances: A unifi,,0.0,0.6808
10.3905/jpm.2007.698039,10.3905/jpm.2007.698039,The Volatility Effect,"Blitz, David C.; van Vliet, Pim",2007,The Journal of Portfolio Management,journal-article,,True,5,Blitz (2016); Blitz (2017); Li (2014); Li (2016); seed: Benchmarks as Limits to Arbitrage: Under,,0.0,0.6808
10.1111/j.1540-6261.1987.tb04565.x,10.1111/j.1540-6261.1987.tb04565.x,A Simple Model of Capital Market Equilibrium with Incomplete Information,"MERTON, ROBERT C.",1987,The Journal of Finance,journal-article,,True,5,BOWLES (2024); Bali (2017); Cao (2016); Li (2014); Li (2016),,0.0,0.6808
10.1111/j.1540-6261.1997.tb03806.x,10.1111/j.1540-6261.1997.tb03806.x,Evidence on the Characteristics of Cross Sectional Variation in Stock Returns,"DANIEL, KENT; TITMAN, SHERIDAN",1997,The Journal of Finance,journal-article,"Firm sizes and book‐to‐market ratios are both highly correlated with the average returns of common stocks. Fama and French (1993) argue that the association between these characteristics and returns arise because the characteristics are proxies for nondiversifiable factor risk. In contrast, the evidence in this article indicates that the return premia on small capitalization and high book‐to‐market stocks does not arise because of the comovements of these stocks with pervasive factors. It is the characteristics rather than the covariance structure of returns that appear to explain the cross‐sectional variation in stock returns.",True,5,Bali (2017); Daniel (2020); Kim (2020); Li (2016); seed: Characteristics are covariances: A unifi,,0.0,0.6808
10.1017/s0022109000003173,10.1017/s0022109000003173,Capital Investments and Stock Returns,"Titman, Sheridan; Wei, K. C. John; Xie, Feixue",2004,Journal of Financial and Quantitative Analysis,journal-article,"Firms that substantially increase capital investments subsequently achieve negative benchmark-adjusted returns. The negative abnormal capital investment/return relation is shown to be stronger for firms that have greater investment discretion, i.e., firms with higher cash flows and lower debt ratios, and is shown to be significant only in time periods when hostile takeovers were less prevalent. These observations are consistent with the hypothesis that investors tend to underreact to the empire building implications of increased investment expenditures. Although firms that increase capital investments tend to have high past returns and often issue equity, the negative abnormal capital investment/return relation is independent of the previously documented long-term return reversal and secondary equity issue anomalies.",True,5,Barroso (2025); Fama (2015); Linnainmaa (2018); seed: Machine Learning vs. Economic Restrictio; seed: … and the Cross-Section of Expected Retu,,0.0,0.6808
ref:581d71bd955c,,Asset pricing with omitted factors,"Giglio,",2019,,book,,False,3,Lettau (2020); seed: Autoencoder asset pricing models; seed: Empirical Asset Pricing via Machine Lear,,,0.6448
ref:adba507d05c4,,Shrinking the cross section,"Kozak,",,Journal of Financial Economics,unknown,,False,3,Daniel (2020); Lettau (2020); seed: Autoencoder asset pricing models,,,0.6448
ref:c134ccd5f77f,,Dissecting Characteristics Nonparametrically,"Freyberger,",,Review of Financial Studies,unknown,,False,3,Daniel (2020); seed: Autoencoder asset pricing models; seed: Characteristics are covariances: A unifi,,,0.6448
ref:307117fa5e5f,,The Cross-Section of Expected Stock Returns,Fama,1992,Journal of Finance,unknown,,False,3,Bradrania (2023); Drobetz (2024); Soebhag (2024),,,0.6448
ref:8e7616ef0c4d,,Taming the factor zoo: a test of new factors,Feng,2019,"J. Finance, forthcoming",unknown,,False,3,Fallahgoul (2024); seed: Autoencoder asset pricing models; seed: Empirical Asset Pricing via Machine Lear,,,0.6448
10.1023/a:1010933404324,10.1023/a:1010933404324,Random Forests,"Breiman, Leo",2001,Machine Learning,journal-article,,False,4,Han (2024); Jensen (2026); seed: Empirical Asset Pricing via Machine Lear; seed: Machine Learning and the Implementable E,,0.0,0.6369
10.1086/261749,10.1086/261749,Implications of Security Market Data for Models of Dynamic Economies,"Hansen, Lars Peter; Jagannathan, Ravi",1991,Journal of Political Economy,journal-article,,False,4,Daniel (2020); Jensen (2026); seed: Machine Learning and the Implementable E; seed: Machine Learning vs. Economic Restrictio,,0.0,0.6369
10.1086/701683,10.1086/701683,A Demand System Approach to Asset Pricing,"Koijen, Ralph S. J.; Yogo, Motohiro",2019,Journal of Political Economy,journal-article,,False,4,Barroso (2025); Jensen (2026); Karolyi (2020); seed: Machine Learning and the Implementable E,,0.0,0.6369
10.1561/104.00000112,10.1561/104.00000112,Open Source Cross-Sectional Asset Pricing,"Y. Chen, Andrew; Zimmermann, Tom",2022,Critical Finance Review,journal-article,,False,4,BOWLES (2024); Han (2024); Simon (2026); Soebhag (2024),,0.0,0.6369
10.1111/j.1540-6261.2008.01416.x,10.1111/j.1540-6261.2008.01416.x,In Search of Distress Risk,"CAMPBELL, JOHN Y.; HILSCHER, JENS; SZILAGYI, JAN",2008,The Journal of Finance,journal-article,"This paper explores the determinants of corporate failure and the pricing of financially distressed stocks whose failure probability, estimated from a dynamic logit model using accounting and market variables, is high. Since 1981, financially distressed stocks have delivered anomalously low returns. They have lower returns but much higher standard deviations, market betas, and loadings on value and small‐cap risk factors than stocks with low failure risk. These patterns are more pronounced for stocks with possible informational or arbitrage‐related frictions. They are inconsistent with the conjecture that the value and size effects are compensation for the risk of financial distress.",True,4,Barroso (2025); Linnainmaa (2018); Novy-Marx (2015); seed: … and the Cross-Section of Expected Retu,,0.0,0.6369
10.2307/2672906,10.2307/2672906,Value Investing: The Use of Historical Financial Statement Information to Separate Winners from Losers,"Piotroski, Joseph D.",2000,Journal of Accounting Research,journal-article,,False,4,Linnainmaa (2018); Novy-Marx (2015); Yan (2017); seed: … and the Cross-Section of Expected Retu,,0.0,0.6369
10.1111/j.1540-6261.1997.tb03818.x,10.1111/j.1540-6261.1997.tb03818.x,The Delisting Bias in CRSP Data,"SHUMWAY, TYLER",1997,The Journal of Finance,journal-article,"I document a delisting bias in the stock return data base maintained by the Center for Research in Security Prices (CRSP). I find that delists for bankruptcy and other negative reasons are generally surprises and that correct delisting returns are not available for most of the stocks that have been delisted for negative reasons since 1962. Using over‐the‐counter price data, I show that the omitted delisting returns are large. Implications of the bias are discussed.",True,4,Bali (2017); CEDERBURG (2016); Li (2016); Linnainmaa (2018),,0.0,0.6369
10.1016/j.jfineco.2011.12.001,10.1016/j.jfineco.2011.12.001,The short of it: Investor sentiment and anomalies,"Stambaugh, Robert F.; Yu, Jianfeng; Yuan, Yu",2012,Journal of Financial Economics,journal-article,,True,4,Barroso (2025); Jo (2026); Yan (2017); seed: Machine Learning vs. Economic Restrictio,,0.0,0.6369
10.1093/rfs/hhp063,10.1093/rfs/hhp063,Out-of-Sample Equity Premium Prediction: Combination Forecasts and Links to the Real Economy,"Rapach, David E.; Strauss, Jack K.; Zhou, Guofu",2009,Review of Financial Studies,journal-article,,True,4,Babiak (2026); Han (2024); Zhao (2022); seed: The Virtue of Complexity in Return Predi,,0.0,0.6369
10.1016/j.jacceco.2006.04.002,10.1016/j.jacceco.2006.04.002,Costly arbitrage and the myth of idiosyncratic risk,"Pontiff, Jeffrey",2006,Journal of Accounting and Economics,journal-article,,False,4,Barroso (2025); Cao (2016); Yan (2017); seed: Does Academic Research Destroy Stock Ret,,0.0,0.6369
10.1111/0022-1082.00163,10.1111/0022-1082.00163,"Data‐Snooping, Technical Trading Rule Performance, and the Bootstrap","Sullivan, Ryan; Timmermann, Allan; White, Halbert",1999,The Journal of Finance,journal-article,"In this paper we utilize White's Reality Check bootstrap methodology (White (1999)) to evaluate simple technical trading rules while quantifying the data‐snooping bias and fully adjusting for its effect in the context of the full universe from which the trading rules were drawn. Hence, for the first time, the paper presents a comprehensive test of performance across all technical trading rules examined. We consider the study of Brock, Lakonishok, and LeBaron (1992), expand their universe of 26 trading rules, apply the rules to 100 years of daily data on the Dow Jones Industrial Average, and determine the effects of data‐snooping.",True,4,Brogaard (2022); Linnainmaa (2018); Yan (2017); seed: … and the Cross-Section of Expected Retu,,0.0,0.6369
10.1016/s0304-4076(01)00077-x,10.1016/s0304-4076(01)00077-x,Dangers of data mining: The case of calendar effects in stock returns,"Sullivan, Ryan; Timmermann, Allan; White, Halbert",2001,Journal of Econometrics,journal-article,,True,4,Linnainmaa (2018); Yan (2017); seed: Does Academic Research Destroy Stock Ret; seed: … and the Cross-Section of Expected Retu,,0.0,0.6369
10.1111/1468-0262.00152,10.1111/1468-0262.00152,A Reality Check for Data Snooping,"White, Halbert",2000,Econometrica,journal-article,,False,4,Brogaard (2022); Linnainmaa (2018); Yan (2017); seed: … and the Cross-Section of Expected Retu,,0.0,0.6369
10.1111/j.1540-6261.1994.tb00081.x,10.1111/j.1540-6261.1994.tb00081.x,A Nonparametric Approach to Pricing and Hedging Derivative Securities Via Learning Networks,"HUTCHINSON, JAMES M.; LO, ANDREW W.; POGGIO, TOMASO",1994,The Journal of Finance,journal-article,"We propose a nonparametric method for estimating the pricing formula of a derivative asset using learning networks. Although not a substitute for the more traditional arbitrage‐based pricing formulas, network‐pricing formulas may be more accurate and computationally more efficient alternatives when the underlying asset's price dynamics are unknown, or when the pricing equation associated with the no‐arbitrage condition cannot be solved analytically. To assess the potential value of network pricing formulas, we simulate Black‐Scholes option prices and show that learning networks can recover the Black‐Scholes formula from a two‐year training set of daily options prices, and that the resulting network formula can be used successfully to both price and delta‐hedge options out‐of‐sample. For comparison, we estimate models using four popular methods: ordinary least squares, radial basis function networks, multilayer perceptron networks, and projection pursuit. To illustrate the practical relevance of our network pricing approach, we apply it to the pricing and delta‐hedging of S&P 500 futures options from 1987 to 1991.",True,4,Babiak (2026); Wang (2020); seed: Deep hedging; seed: Empirical Asset Pricing via Machine Lear,,0.0,0.6369
10.1111/1468-0262.00273,10.1111/1468-0262.00273,Determining the Number of Factors in Approximate Factor Models,"Bai, Jushan; Ng, Serena",2002,Econometrica,journal-article,,False,4,Kim (2020); Lettau (2020); Zhao (2022); seed: Autoencoder asset pricing models,,0.0,0.6369
10.1016/0304-405x(86)90027-9,10.1016/0304-405x(86)90027-9,Performance measurement with the arbitrage pricing theory,"Connor, Gregory; Korajczyk, Robert A.",1986,Journal of Financial Economics,journal-article,,True,4,Kim (2020); Lettau (2020); seed: Autoencoder asset pricing models; seed: Characteristics are covariances: A unifi,,0.0,0.6369
10.1093/rfs/hhp015,10.1093/rfs/hhp015,"Return Reversals, Idiosyncratic Risk, and Expected Returns","Huang, Wei; Liu, Qianqiu; Rhee, S. Ghon; Zhang, Liang",2009,Review of Financial Studies,journal-article,,True,4,Bali (2011); Cao (2016); Li (2014); Li (2016),,0.0,0.6369
10.1111/j.1540-6261.2006.00884.x,10.1111/j.1540-6261.2006.00884.x,Market Reactions to Tangible and Intangible Information,"DANIEL, KENT; TITMAN, SHERIDAN",2006,The Journal of Finance,journal-article,"The book‐to‐market effect is often interpreted as evidence of high expected returns on stocks of “distressed” firms with poor past performance. We dispute this interpretation. We find that while a stock's future return is unrelated to the firm's past accounting‐based performance, it is strongly negatively related to the “intangible” return, the component of its past return that is orthogonal to the firm's past performance. Indeed, the book‐to‐market ratio forecasts returns because it is a good proxy for the intangible return. Also, a composite equity issuance measure, which is related to intangible returns, independently forecasts returns.",True,4,Barroso (2025); Daniel (2020); Linnainmaa (2018); seed: … and the Cross-Section of Expected Retu,,0.0,0.6369
10.1111/0022-1082.00209,10.1111/0022-1082.00209,"Characteristics, Covariances, and Average Returns: 1929 to 1997","Davis, James L.; Fama, Eugene F.; French, Kenneth R.",2000,The Journal of Finance,journal-article,The value premium in U.S. stock returns is robust. The positive relation between average return and book‐to‐market equity is as strong for 1929 to 1963 as for the subsequent period studied in previous papers. A three‐factor risk model explains the value premium better than the hypothesis that the book‐to‐market characteristic is compensated irrespective of risk loadings.,True,4,Daniel (2020); Li (2016); Linnainmaa (2018); Mei (2018),,0.0,0.6369
10.1016/j.jfineco.2009.09.001,10.1016/j.jfineco.2009.09.001,A skeptical appraisal of asset pricing tests☆,"Lewellen, Jonathan; Nagel, Stefan; Shanken, Jay",2010,Journal of Financial Economics,journal-article,,True,4,Blitz (2017); Daniel (2020); seed: Characteristics are covariances: A unifi; seed: … and the Cross-Section of Expected Retu,,0.0,0.6369
10.2307/1913811,10.2307/1913811,An Intertemporal Capital Asset Pricing Model,"Merton, Robert C.",1973,Econometrica,journal-article,,False,4,Barroso (2025); Daniel (2020); Fama (2015); seed: … and the Cross-Section of Expected Retu,,0.0,0.6369
10.1016/s0304-405x(03)00116-8,10.1016/s0304-405x(03)00116-8,Arbitrage risk and the book-to-market anomaly,"Ali, Ashiq; Hwang, Lee-Seok; Trombley, Mark A.",2003,Journal of Financial Economics,journal-article,,True,4,Allena (2025); Barroso (2025); Cao (2016); seed: … and the Cross-Section of Expected Retu,,0.0,0.6369
10.1257/jep.21.2.129,10.1257/jep.21.2.129,Investor Sentiment in the Stock Market,"Baker, Malcolm; Wurgler, Jeffrey",2007,Journal of Economic Perspectives,journal-article,"Investor sentiment, defined broadly, is a belief about future cash flows and investment risks that is not justified by the facts at hand. The question is no longer whether investor sentiment affects stock prices, but how to measure investor sentiment and quantify its effects. One approach is “bottom up,” using biases in individual investor psychology, such as overconfidence, representativeness, and conservatism, to explain how individual investors underreact or overreact to past returns or fundamentals The investor sentiment approach that we develop in this paper is, by contrast, distinctly “top down” and macroeconomic: we take the origin of investor sentiment as exogenous and focus on its empirical effects. We show that it is quite possible to measure investor sentiment and that waves of sentiment have clearly discernible, important, and regular effects on individual firms and on the stock market as a whole. The top-down approach builds on the two broader and more irrefutable assumptions of behavioral finance—sentiment and the limits to arbitrage—to explain which stocks are likely to be most affected by sentiment. In particular, stocks that are difficult to arbitrage or to value are most affected by sentiment.",False,4,Bali (2011); Barroso (2025); seed: Benchmarks as Limits to Arbitrage: Under; seed: Machine Learning vs. Economic Restrictio,,0.0,0.6369
10.1002/(sici)1099-131x(1998090)17:5/6<441::aid-for707>3.0.co;2-#,10.1002/(sici)1099-131x(1998090)17:5/6<441::aid-for707>3.0.co;2-#,Performance functions and reinforcement learning for trading systems and portfolios,"Moody, John; Wu, Lizhong; Liao, Yuansong; Saffell, Matthew",1998,Journal of Forecasting,journal-article,,False,4,Wang (2020); Wang (2022); seed: Learning to trade via direct reinforceme; seed: Recent advances in reinforcement learnin,,0.0,0.6369
10.1093/rfs/hhp041,10.1093/rfs/hhp041,Expected Idiosyncratic Skewness,"Boyer, Brian; Mitton, Todd; Vorkink, Keith",2009,Review of Financial Studies,journal-article,,True,4,Bali (2011); Bradrania (2023); seed: Benchmarks as Limits to Arbitrage: Under; seed: … and the Cross-Section of Expected Retu,,0.0,0.6369
10.2307/2329112,10.2307/2329112,The Cross-Section of Expected Stock Returns,"Fama, Eugene F.; French, Kenneth R.",1992,The Journal of Finance,journal-article,,True,4,Bali (2011); Blitz (2016); seed: Benchmarks as Limits to Arbitrage: Under; seed: … and the Cross-Section of Expected Retu,,0.0,0.6369
10.1111/0022-1082.00247,10.1111/0022-1082.00247,Conditional Skewness in Asset Pricing Tests,"Harvey, Campbell R.; Siddique, Akhtar",2000,The Journal of Finance,journal-article,"If asset returns have systematic skewness, expected returns should include rewards for accepting this risk. We formalize this intuition with an asset pricing model that incorporates conditional skewness. Our results show that conditional skewness helps explain the cross‐sectional variation of expected returns across assets and is significant even when factors based on size and book‐to‐market are included. Systematic skewness is economically important and commands a risk premium, on average, of 3.60 percent per year. Our results suggest that the momentum effect is related to systematic skewness. The low expected return momentum portfolios have higher skewness than high expected return portfolios.",True,4,Bali (2011); Bali (2017); Bradrania (2023); seed: … and the Cross-Section of Expected Retu,,0.0,0.6369
10.1111/jofi.12021,10.1111/jofi.12021,Value and Momentum Everywhere,"ASNESS, CLIFFORD S.; MOSKOWITZ, TOBIAS J.; PEDERSEN, LASSE HEJE",2013,The Journal of Finance,journal-article,"We find consistent value and momentum return premia across eight diverse markets and asset classes, and a strong common factor structure among their returns. Value and momentum returns correlate more strongly across asset classes than passive exposures to the asset classes, but value and momentum are negatively correlated with each other, both within and across asset classes. Our results indicate the presence of common global risks that we characterize with a three‐factor model. Global funding liquidity risk is a partial source of these patterns, which are identifiable only when examining value and momentum jointly across markets. Our findings present a challenge to existing behavioral, institutional, and rational asset pricing theories that largely focus on U.S. equities.",True,4,Linnainmaa (2018); seed: Does Academic Research Destroy Stock Ret; seed: Dynamic Trading with Predictable Returns; seed: … and the Cross-Section of Expected Retu,,0.0,0.6369
10.3905/jpm.1994.409501,10.3905/jpm.1994.409501,The Sharpe Ratio,"Sharpe, William F.",1994,The Journal of Portfolio Management,journal-article,,True,2,Costa (2023); seed: The Deflated Sharpe Ratio: Correcting fo,,0.1579,0.5646
10.3905/jpm.1993.409462,10.3905/jpm.1993.409462,Beta and Return,"Black, Fischer",1993,The Journal of Portfolio Management,journal-article,,True,2,Oderda (2015); seed: Betting against beta,,0.1056,0.5633
10.1016/j.jempfin.2008.03.002,10.1016/j.jempfin.2008.03.002,Robust performance hypothesis testing with the Sharpe ratio,"Ledoit, Oliver; Wolf, Michael",2008,Journal of Empirical Finance,journal-article,,True,2,Olivares-Nadal (2018); Simon (2026),,0.0817,0.5619
10.1017/s0022109022000874,10.1017/s0022109022000874,Zeroing In on the Expected Returns of Anomalies,"Chen, Andrew Y.; Velikov, Mihail",2022,Journal of Financial and Quantitative Analysis,journal-article,"We zero in on the expected returns of long-short portfolios based on 204 stock market anomalies by accounting for i) effective bid–ask spreads, ii) post-publication effects, and iii) the modern era of trading technology that began in the early 2000s. Net of these effects, the average anomaly’s expected return is a measly 4 bps per month. The strongest anomalies net, at best, 10 bps after controlling for data mining. Several methods for combining anomalies net around 20 bps. Expected returns are negligible despite cost mitigations that produce impressive net returns in-sample and the omission of additional trading costs, like price impact.",True,2,BOWLES (2024); Simon (2026),,0.051,0.5592
10.2139/ssrn.2055431,10.2139/ssrn.2055431,Low Risk Stocks Outperform within All Observable Markets of the World,"Baker, Nardin L.; Haugen, Robert A.",2012,Elsevier BV,posted-content,"This article provides global evidence supporting the Low Volatility Anomaly: that low risk stocks consistently provide higher returns than high risk stocks. This study covers 33 different markets during the time period from 1990-2011. (Two previous studies by Haugen & Heins (1972) and Haugen & Baker (1991) show the same negative payoff to risk in time periods 1926-1970 and 1970-1990.) The procedure for our study is intentionally simple, transparent and easily replicable. Our samples include non-survivors. We look at an international universe of stocks beginning with the first month of 1990 until December 2011; we compute the volatility of total return for each company in each country over the previous 24 months. Stocks in each country are ranked by volatility and formed into deciles. In the total universe and in each individual country low risk stocks outperform, the relationship with respect to Sharpe ratios is even more impressive. We believe this anomaly is caused primarily by agency issues, namely the compensation structures and internal stock selection processes at asset management firms which lead institutional investors on average to hold more volatile stocks. The article also addresses the implications for how corporate finance managers make capital investment decision in light of this evidence. The evidence presented here dethrones both CAPM and the Efficient Market Hypothesis.",False,2,Blitz (2016); Blitz (2017),,0.0501,0.5579
10.2307/2975974,10.2307/2975974,Portfolio Selection,"Markowitz, Harry",1952,The Journal of Finance,journal-article,,True,2,Blomvall (2026); Butler (2023),,0.0462,0.5559
10.2307/3595012,10.2307/3595012,"Returns-Chasing Behavior, Mutual Funds, and Beta's Death","Karceski, Jason",2002,The Journal of Financial and Quantitative Analysis,journal-article,,True,2,seed: Benchmarks as Limits to Arbitrage: Under; seed: Betting against beta,,0.0462,0.5538
10.1111/j.1540-6261.2008.01418.x,10.1111/j.1540-6261.2008.01418.x,"Average Returns, B/M, and Share Issues","FAMA, EUGENE F.; FRENCH, KENNETH R.",2008,The Journal of Finance,journal-article,"The book‐to‐market ratio (B/M) is a noisy measure of expected stock returns because it also varies with expected cashflows. Our hypothesis is that the evolution of B/M, in terms of past changes in book equity and price, contains independent information about expected cashflows that can be used to improve estimates of expected returns. The tests support this hypothesis, with results that are largely but not entirely similar for Microcap stocks (below the 20 th NYSE market capitalization percentile) and All but Micro stocks (ABM).",True,2,Bali (2011); Linnainmaa (2018),,0.0432,0.5525
10.1111/j.1540-6261.2008.01379.x,10.1111/j.1540-6261.2008.01379.x,Economic Links and Predictable Returns,"COHEN, LAUREN; FRAZZINI, ANDREA",2008,The Journal of Finance,journal-article,"This paper finds evidence of return predictability across economically linked firms. We test the hypothesis that in the presence of investors subject to attention constraints, stock prices do not promptly incorporate news about economically related firms, generating return predictability across assets. Using a data set of firms' principal customers to identify a set of economically related firms, we show that stock prices do not incorporate news involving related firms, generating predictable subsequent price moves. A long–short equity strategy based on this effect yields monthly alphas of over 150 basis points.",True,2,BOWLES (2024); seed: … and the Cross-Section of Expected Retu,,0.0402,0.5511
10.1111/eufm.12039,10.1111/eufm.12039,Agency‐Based Asset Pricing and the Beta Anomaly,"Blitz, David",2014,European Financial Management,journal-article,"I argue that delegated portfolio management can cause the equilibrium relation between CAPM beta and expected stock returns to become flat, instead of linearly positive, and propose an alternative to the widely used Fama and French (1993) 3‐factor asset pricing model which incorporates this agency effect. An empirical comparison of the two models shows that the agency‐based 3‐factor model is much better at explaining the performance of portfolios sorted on beta or volatility, and at least as good at explaining the performance of various other test portfolios, including those the original 3‐factor model was designed to explain.",False,2,Blitz (2016); Blitz (2017),,0.036,0.5498
10.1007/bf00122574,10.1007/bf00122574,Advances in prospect theory: Cumulative representation of uncertainty,"Tversky, Amos; Kahneman, Daniel",1992,Journal of Risk and Uncertainty,journal-article,,False,3,Bali (2011); Simon (2026); seed: Benchmarks as Limits to Arbitrage: Under,,0.0,0.5491
10.1017/cbo9780511804441,10.1017/cbo9780511804441,Convex Optimization,"Boyd, Stephen; Vandenberghe, Lieven",2004,Cambridge University Press,monograph,,False,3,Butler (2023); Costa (2023); Moallemi (2017),,0.0,0.5491
10.1016/0304-405x(80)90007-0,10.1016/0304-405x(80)90007-0,On estimating the expected return on the market,"Merton, Robert C.",1980,Journal of Financial Economics,journal-article,,True,3,Costa (2023); seed: Betting against beta; seed: Machine Learning vs. Economic Restrictio,,0.0,0.5491
10.1287/mnsc.2018.3253,10.1287/mnsc.2018.3253,From Predictive to Prescriptive Analytics,"Bertsimas, Dimitris; Kallus, Nathan",2020,Management Science,journal-article,"We combine ideas from machine learning (ML) and operations research and management science (OR/MS) in developing a framework, along with specific methods, for using data to prescribe optimal decisions in OR/MS problems. In a departure from other work on data-driven optimization, we consider data consisting, not only of observations of quantities with direct effect on costs/revenues, such as demand or returns, but also predominantly of observations of associated auxiliary quantities. The main problem of interest is a conditional stochastic optimization problem, given imperfect observations, where the joint probability distributions that specify the problem are unknown. We demonstrate how our proposed methods are generally applicable to a wide range of decision problems and prove that they are computationally tractable and asymptotically optimal under mild conditions, even when data are not independent and identically distributed and for censored observations. We extend these to the case in which some decision variables, such as price, may affect uncertainty and their causal effects are unknown. We develop the coefficient of prescriptiveness P to measure the prescriptive content of data and the efficacy of a policy from an operations perspective. We demonstrate our approach in an inventory management problem faced by the distribution arm of a large media company, shipping 1 billion units yearly. We leverage both internal data and public data harvested from IMDb, Rotten Tomatoes, and Google to prescribe operational decisions that outperform baseline measures. Specifically, the data we collect, leveraged by our methods, account for an 88% improvement as measured by our coefficient of prescriptiveness. This paper was accepted by Noah Gans, optimization.",True,3,"Butler (2023); Ho-Nguyen (2022); seed: Smart “Predict, then Optimize”",,0.0,0.5491
10.1086/261527,10.1086/261527,A Capital Asset Pricing Model with Time-Varying Covariances,"Bollerslev, Tim; Engle, Robert F.; Wooldridge, Jeffrey M.",1988,Journal of Political Economy,journal-article,,False,3,Bali (2017); Butler (2023); Drobetz (2024),,0.0,0.5491
10.2139/ssrn.1418117,10.2139/ssrn.1418117,An Alternative Three-Factor Model,"Chen, Long; Novy-Marx, Robert; Zhang, Lu",2011,SSRN Electronic Journal,journal-article,,False,3,Novy-Marx (2015); de Roon (2012); seed: … and the Cross-Section of Expected Retu,,0.0,0.5491
10.1016/s0304-405x(03)00206-x,10.1016/s0304-405x(03)00206-x,The illusory nature of momentum profits,"Lesmond, David A.; Schill, Michael J.; Zhou, Chunsheng",2004,Journal of Financial Economics,journal-article,,True,3,Carrasco (2023); Novy-Marx (2015); seed: Does Academic Research Destroy Stock Ret,,0.0,0.5491
10.1093/rfs/hhm058,10.1093/rfs/hhm058,The New Issues Puzzle: Testing the Investment-Based Explanation,"Lyandres, Evgeny; Sun, Le; Zhang, Lu",2007,Review of Financial Studies,journal-article,,True,3,Barroso (2025); Linnainmaa (2018); Novy-Marx (2015),,0.0,0.5491
10.1093/rfs/hhq028,10.1093/rfs/hhq028,Dynamic Mean-Variance Asset Allocation,"Basak, Suleyman; Chabakauri, Georgy",2010,Review of Financial Studies,journal-article,,True,3,Moallemi (2017); Muhle-Karbe (2026); seed: Recent advances in reinforcement learnin,,0.0,0.5491
10.1086/261750,10.1086/261750,"Substitution, Risk Aversion, and the Temporal Behavior of Consumption and Asset Returns: An Empirical Analysis","Epstein, Larry G.; Zin, Stanley E.",1991,Journal of Political Economy,journal-article,,False,3,Carrasco (2023); Muhle-Karbe (2026); de Roon (2012),,0.0,0.5491
10.1016/j.jfineco.2005.05.012,10.1016/j.jfineco.2005.05.012,The conditional CAPM does not explain asset-pricing anomalies☆,"LEWELLEN, J; NAGEL, S",2006,Journal of Financial Economics,journal-article,,True,3,Bali (2017); CEDERBURG (2016); seed: Betting against beta,,0.0,0.5491
10.1016/0304-4076(90)90095-b,10.1016/0304-4076(90)90095-b,Intertemporal asset pricing,"Shanken, Jay",1990,Journal of Econometrics,journal-article,,True,3,Barroso (2025); CEDERBURG (2016); seed: … and the Cross-Section of Expected Retu,,0.0,0.5491
10.1016/0304-405x(81)90018-0,10.1016/0304-405x(81)90018-0,The relationship between return and market value of common stocks,"Banz, Rolf W.",1981,Journal of Financial Economics,journal-article,,True,3,Karolyi (2020); Kim (2020); seed: … and the Cross-Section of Expected Retu,,0.0,0.5491
10.1093/rfs/hhw054,10.1093/rfs/hhw054,Which Factors Matter to Investors? Evidence from Mutual Fund Flows,"Barber, Brad M.; Huang, Xing; Odean, Terrance",2016,Review of Financial Studies,journal-article,,True,3,Drobetz (2024); Irvine (2024); Karolyi (2020),,0.0,0.5491
10.1016/j.jfineco.2015.08.010,10.1016/j.jfineco.2015.08.010,Assessing asset pricing models using revealed preference,"Berk, Jonathan B.; van Binsbergen, Jules H.",2016,Journal of Financial Economics,journal-article,,True,3,Drobetz (2024); Irvine (2024); Karolyi (2020),,0.0,0.5491
10.1086/261755,10.1086/261755,The Variation of Economic Risk Premiums,"Ferson, Wayne E.; Harvey, Campbell R.",1991,Journal of Political Economy,journal-article,,False,3,Babiak (2026); Karolyi (2020); seed: … and the Cross-Section of Expected Retu,,0.0,0.5491
10.1111/jofi.12530,10.1111/jofi.12530,Presidential Address: The Scientific Outlook in Financial Economics,"HARVEY, CAMPBELL R.",2017,The Journal of Finance,journal-article,"Given the competition for top journal space, there is an incentive to produce “significant” results. With the combination of unreported tests, lack of adjustment for multiple tests, and direct and indirect p‐ hacking, many of the results being published will fail to hold up in the future. In addition, there are basic issues with the interpretation of statistical significance. Increasing thresholds may be necessary, but still may not be sufficient: if the effect being studied is rare, even t > 3 will produce a large number of false positives. Here I explore the meaning and limitations of a p‐ value. I offer a simple alternative (the minimum Bayes factor). I present guidelines for a robust, transparent research culture in financial economics. Finally, I offer some thoughts on the importance of risk‐taking (from the perspective of authors and editors) to advance our field. SUMMARY Empirical research in financial economics relies too much on p ‐values, which are poorly understood in the first place. Journals want to publish papers with positive results and this incentivizes researchers to engage in data mining and “ p ‐hacking.” The outcome will likely be an embarrassing number of false positives—effects that will not be repeated in the future. The minimum Bayes factor (which is a function of the p ‐value) combined with prior odds provides a simple solution that can be reported alongside the usual p ‐value. The Bayesianized p ‐value answers the question: What is the probability that the null is true? The same technique can be used to answer: What threshold of t ‐statistic do I need so that there is only a 5% chance that the null is true? The threshold depends on the economic plausibility of the hypothesis.",True,3,Brogaard (2022); Karolyi (2020); seed: Machine Learning vs. Economic Restrictio,,0.0,0.5491
10.1093/rfs/hhr013,10.1093/rfs/hhr013,What Factors Drive Global Stock Returns?,"Hou, Kewei; Karolyi, G. Andrew; Kho, Bong-Chan",2011,Review of Financial Studies,journal-article,,True,3,Karolyi (2020); Yan (2017); seed: … and the Cross-Section of Expected Retu,,0.0,0.5491
10.1146/annurev-financial-102710-144905,10.1146/annurev-financial-102710-144905,Predictability of Returns and Cash Flows,"Koijen, Ralph S.J.; Van Nieuwerburgh, Stijn",2011,Annual Review of Financial Economics,journal-article,"We review the literature on return and cash-flow growth predictability from the perspective of the present-value identity. We focus predominantly on recent work. Our emphasis is on U.S. aggregate stock return predictability, but we also discuss evidence from other asset classes and countries.",False,3,Karolyi (2020); seed: Empirical Asset Pricing via Machine Lear; seed: The Virtue of Complexity in Return Predi,,0.0,0.5491
10.1111/0022-1082.00342,10.1111/0022-1082.00342,Profitability of Momentum Strategies: An Evaluation of Alternative Explanations,"Jegadeesh, Narasimhan; Titman, Sheridan",2001,The Journal of Finance,journal-article,"This paper evaluates various explanations for the profitability of momentum strategies documented in Jegadeesh and Titman (1993) . The evidence indicates that momentum profits have continued in the 1990s, suggesting that the original results were not a product of data snooping bias. The paper also examines the predictions of recent behavioral models that propose that momentum profits are due to delayed overreactions that are eventually reversed. Our evidence provides support for the behavioral models, but this support should be tempered with caution.",True,3,Linnainmaa (2018); Yan (2017); seed: Does Academic Research Destroy Stock Ret,,0.0,0.5491
10.1016/j.jeconom.2015.02.011,10.1016/j.jeconom.2015.02.011,The three-pass regression filter: A new approach to forecasting using many predictors,"Kelly, Bryan; Pruitt, Seth",2015,Journal of Econometrics,journal-article,,True,3,Babiak (2026); seed: Autoencoder asset pricing models; seed: Empirical Asset Pricing via Machine Lear,,0.0,0.5491
10.1016/j.jfineco.2002.11.002,10.1016/j.jfineco.2002.11.002,Predicting returns with financial ratios,"Lewellen, Jonathan",2004,Journal of Financial Economics,journal-article,,True,3,Babiak (2026); Carrasco (2023); Zhao (2022),,0.0,0.5491
10.1080/07350015.2015.1086655,10.1080/07350015.2015.1086655,FRED-MD: A Monthly Database for Macroeconomic Research,"McCracken, Michael W.; Ng, Serena",2016,Journal of Business &amp; Economic Statistics,journal-article,,False,3,Babiak (2026); Fallahgoul (2024); seed: Deep Learning in Asset Pricing,,0.0,0.5491
10.2307/2977928,10.2307/2977928,Capital Asset Prices: A Theory of Market Equilibrium under Conditions of Risk,"Sharpe, William F.",1964,The Journal of Finance,journal-article,,True,3,Bali (2011); Oderda (2015); seed: … and the Cross-Section of Expected Retu,,0.0,0.5491
10.2307/1912934,10.2307/1912934,A Heteroskedasticity-Consistent Covariance Matrix Estimator and a Direct Test for Heteroskedasticity,"White, Halbert",1980,Econometrica,journal-article,,False,3,Barroso (2025); Li (2014); seed: Betting against beta,,0.0,0.5491
10.1561/104.00000003,10.1561/104.00000003,Testing Factor-Model Explanations of Market Anomalies,"Daniel, Kent",2012,Critical Finance Review,journal-article,,False,3,Daniel (2020); seed: Characteristics are covariances: A unifi; seed: … and the Cross-Section of Expected Retu,,0.0,0.5491
10.1016/s0304-405x(96)00896-3,10.1016/s0304-405x(96)00896-3,Industry costs of equity,"Fama, Eugene F.; French, Kenneth R.",1997,Journal of Financial Economics,journal-article,,True,3,Allena (2025); Daniel (2020); Drobetz (2024),,0.0,0.5491
10.1016/j.jfineco.2015.12.002,10.1016/j.jfineco.2015.12.002,Momentum crashes,"Daniel, Kent; Moskowitz, Tobias J.",2016,Journal of Financial Economics,journal-article,,True,3,Barroso (2025); Drobetz (2024); seed: Machine Learning vs. Economic Restrictio,,0.0,0.5491
10.1016/0304-405x(79)90013-8,10.1016/0304-405x(79)90013-8,Risk measurement when shares are subject to infrequent trading,"Dimson, Elroy",1979,Journal of Financial Economics,journal-article,,True,3,Bali (2011); Bali (2017); Barroso (2025),,0.0,0.5491
10.1016/j.jfineco.2005.09.009,10.1016/j.jfineco.2005.09.009,"Profitability, investment and average returns","Fama, Eugene F.; French, Kenneth R.",2006,Journal of Financial Economics,journal-article,,True,3,Barroso (2025); Fama (2015); seed: … and the Cross-Section of Expected Retu,,0.0,0.5491
10.1016/j.jfineco.2018.02.012,10.1016/j.jfineco.2018.02.012,Choosing factors,"Fama, Eugene F.; French, Kenneth R.",2018,Journal of Financial Economics,journal-article,,True,3,Barroso (2025); Soebhag (2024); seed: Machine Learning vs. Economic Restrictio,,0.0,0.5491
10.1017/s0022109010000311,10.1017/s0022109010000311,"Idiosyncratic Risk, Long-Term Reversal, and Momentum","McLean, R. David",2010,Journal of Financial and Quantitative Analysis,journal-article,"This paper tests whether the persistence of the momentum and reversal effects is the result of idiosyncratic risk limiting arbitrage. Idiosyncratic risk deters arbitrage, regardless of the arbitrageur’s diversification. Reversal is prevalent only in high idiosyncratic risk stocks, suggesting that idiosyncratic risk limits arbitrage in reversal mispricing. This finding is robust to controls for transaction costs, informed trading, and systematic relations between idiosyncratic risk and subsequent returns. Momentum is not related to idiosyncratic risk. Momentum generates a smaller aggregate return than reversal, so the findings along with those in related studies suggest that transaction costs are sufficient to prevent arbitrageurs from eliminating momentum mispricing.",True,3,Barroso (2025); Cao (2016); seed: Does Academic Research Destroy Stock Ret,,0.0,0.5491
10.1093/rfs/hhm051,10.1093/rfs/hhm051,Interpreting the Value Effect Through the Q-Theory: An Empirical Investigation,"Xing, Yuhang",2007,Review of Financial Studies,journal-article,,True,3,Barroso (2025); Linnainmaa (2018); seed: … and the Cross-Section of Expected Retu,,0.0,0.5491
10.1093/rfs/14.1.29,10.1093/rfs/14.1.29,Understanding the Nature of the Risks and the Source of the Rewards to Momentum Investing,"Grundy, Bruce D.; Martin, J. Spencer Martin",2001,Review of Financial Studies,journal-article,,True,3,Drobetz (2024); Li (2016); seed: Does Academic Research Destroy Stock Ret,,0.0,0.5491
10.3982/ecta7432,10.3982/ecta7432,Efficient Semiparametric Estimation of the Fama-French Model and Extensions,,2012,Econometrica,journal-article,,False,3,Drobetz (2024); Kim (2020); seed: Autoencoder asset pricing models,,0.0,0.5491
10.1016/j.jfineco.2016.03.002,10.1016/j.jfineco.2016.03.002,"Accruals, cash flows, and operating profitability in the cross section of stock returns","Ball, Ray; Gerakos, Joseph; Linnainmaa, Juhani T.; Nikolaev, Valeri",2016,Journal of Financial Economics,journal-article,,True,3,Blitz (2017); Linnainmaa (2018); Soebhag (2024),,0.0,0.5491
10.2307/2330270,10.2307/2330270,Risk and the Rate of Return on Financial Assets: Some Old Wine in New Bottles,"Haugen, Robert A.; Heins, A. James",1975,The Journal of Financial and Quantitative Analysis,journal-article,,True,3,Blitz (2016); Blitz (2017); seed: Benchmarks as Limits to Arbitrage: Under,,0.0,0.5491
10.1038/nature14236,10.1038/nature14236,Human-level control through deep reinforcement learning,"Mnih, Volodymyr; Kavukcuoglu, Koray; Silver, David; Rusu, Andrei A.; Veness, Joel; Bellemare, Marc G.; et al.",2015,Nature,journal-article,,False,3,Wang (2020); Wang (2022); seed: Recent advances in reinforcement learnin,,0.0,0.5491
10.1145/1143844.1143929,10.1145/1143844.1143929,Reinforcement learning for optimized trade execution,"Nevmyvaka, Yuriy; Feng, Yi; Kearns, Michael",2006,Proceedings of the 23rd international conference on Machine learning  - ICML '06,proceedings-article,,False,3,Wang (2020); Wang (2022); seed: Recent advances in reinforcement learnin,,0.0,0.5491
10.2307/2937816,10.2307/2937816,"Fads, Martingales, and Market Efficiency","Lehmann, Bruce N.",1990,The Quarterly Journal of Economics,journal-article,,False,3,Bali (2011); Bali (2017); Bradrania (2023),,0.0,0.5491
10.1093/rfs/hhw101,10.1093/rfs/hhw101,Which Alpha?,"Barillas, Francisco; Shanken, Jay",2016,The Review of Financial Studies,journal-article,,True,3,Allena (2025); Linnainmaa (2018); Soebhag (2024),,0.0,0.5491
10.1111/0022-1082.00046,10.1111/0022-1082.00046,Is the Risk of Bankruptcy a Systematic Risk?,"Dichev, Ilia D.",1998,The Journal of Finance,journal-article,"Several studies suggest that a firm distress risk factor could be behind the size and the book‐to‐market effects. A natural proxy for firm distress is bankruptcy risk. If bankruptcy risk is systematic, one would expect a positive association between bankruptcy risk and subsequent realized returns. However, results demonstrate that bankruptcy risk is not rewarded by higher returns. Thus, a distress factor is unlikely to account for the size and book‐to‐market effects. Surprisingly, firms with high bankruptcy risk earn lower than average returns since 1980. A risk‐based explanation cannot fully explain the anomalous evidence.",True,3,Linnainmaa (2018); seed: Does Academic Research Destroy Stock Ret; seed: … and the Cross-Section of Expected Retu,,0.0,0.5491
10.1111/j.1540-6261.2008.01335.x,10.1111/j.1540-6261.2008.01335.x,Share Issuance and Cross‐sectional Returns,"PONTIFF, JEFFREY; WOODGATE, ARTEMIZA",2008,The Journal of Finance,journal-article,"Post‐1970, share issuance exhibits a strong cross‐sectional ability to predict stock returns. This predictive ability is more statistically significant than the individual predictive ability of size, book‐to‐market, or momentum. Our finding is related to research that finds that long‐run returns are associated with share repurchase announcements, seasoned equity offerings, and stock mergers, although our results remain strong even after exclusion of the data used in these studies. We estimate the issuance relation pre‐1970 and find no statistically significant predictive ability for most holding periods.",True,3,Linnainmaa (2018); seed: Machine Learning vs. Economic Restrictio; seed: … and the Cross-Section of Expected Retu,,0.0,0.5491
10.2307/1912775,10.2307/1912775,Large Sample Properties of Generalized Method of Moments Estimators,"Hansen, Lars Peter",1982,Econometrica,journal-article,,False,3,Carrasco (2023); seed: Characteristics are covariances: A unifi; seed: Deep Learning in Asset Pricing,,0.0,0.5491
10.2307/1913601,10.2307/1913601,The Role of Conditioning Information in Deducing Testable Restrictions Implied by Dynamic Asset Pricing Models,"Hansen, Lars Peter; Richard, Scott F.",1987,Econometrica,journal-article,,False,3,seed: Characteristics are covariances: A unifi; seed: Machine Learning vs. Economic Restrictio; seed: The Virtue of Complexity in Return Predi,,0.0,0.5491
10.1086/294846,10.1086/294846,Mutual Fund Performance,"Sharpe, William F.",1966,The Journal of Business,journal-article,,False,3,seed: Learning to trade via direct reinforceme; seed: Recent advances in reinforcement learnin; seed: The Deflated Sharpe Ratio: Correcting fo,,0.0,0.5491
10.2307/1912275,10.2307/1912275,"Arbitrage, Factor Structure, and Mean-Variance Analysis on Large Asset Markets","Chamberlain, Gary; Rothschild, Michael",1983,Econometrica,journal-article,,False,3,seed: Autoencoder asset pricing models; seed: Characteristics are covariances: A unifi; seed: Deep Learning in Asset Pricing,,0.0,0.5491
10.1016/0304-405x(86)90065-6,10.1016/0304-405x(86)90065-6,Asset pricing and the bid-ask spread,"Amihud, Yakov; Mendelson, Haim",1986,Journal of Financial Economics,journal-article,,True,3,seed: Does Academic Research Destroy Stock Ret; seed: Dynamic Trading with Predictable Returns; seed: … and the Cross-Section of Expected Retu,,0.0,0.5491
10.1111/1540-6261.00539,10.1111/1540-6261.00539,The Value Spread,"Cohen, Randolph B.; Polk, Christopher; Vuolteenaho, Tuomo",2003,The Journal of Finance,journal-article,"We decompose the cross‐sectional variance of firms' book‐to‐market ratios using both a long U.S. panel and a shorter international panel. In contrast to typical aggregate time‐series results, transitory cross‐sectional variation in expected 15‐year stock returns causes only a relatively small fraction (20 to 25 percent) of the total cross‐sectional variance. The remaining dispersion can be explained by expected 15‐year profitability and persistence of valuation levels. Furthermore, this fraction appears stable across time and across types of stocks. We also show that the expected return on value‐minus‐growth strategies is atypically high at times when their spread in book‐to‐market ratios is wide.",True,2,Daniel (2020); Linnainmaa (2018),,0.0348,0.5484
10.2139/ssrn.313681,10.2139/ssrn.313681,A Century of Stock Market Liquidity and Trading Costs,"Jones, Charles M.",2002,Elsevier BV,posted-content,"I assemble an annual time series of bid-ask spreads on Dow Jones stocks from 1900-2000, along with an annual estimate of the weighted-average commission rate for trading NYSE stocks since 1925. Spreads are cyclical, especially during periods of market turmoil. The sum of half-spreads and one-way commissions, multiplied by annual turnover, is an estimate of the annual proportional cost of aggregate equity trading. This cost drives a wedge between aggregate gross equity returns and net equity returns. This wedge can account for only a small part of the observed equity premium, but all else equal the gross equity premium is perhaps 1% lower today than it was early in the 1900's. Finally, I present evidence that the transaction cost measures that also proxy for liquidity - spreads and turnover - predict stock returns one year or more ahead. High spreads predict high stock returns; high turnover predicts low stock returns. These liquidity variables dominate traditional predictor variables, such as the dividend yield. The evidence suggests that time-series variation in aggregate liquidity is an important determinant of conditional expected stock market returns.",False,2,Brogaard (2022); Linnainmaa (2018),,0.03,0.5457
10.1111/jofi.12431,10.1111/jofi.12431,Speculative Betas,"HONG, HARRISON; SRAER, DAVID A.",2016,The Journal of Finance,journal-article,"The risk and return trade‐off, the cornerstone of modern asset pricing theory, is often of the wrong sign. Our explanation is that high‐beta assets are prone to speculative overpricing. When investors disagree about the stock market's prospects, high‐beta assets are more sensitive to this aggregate disagreement, experience greater divergence of opinion about their payoffs, and are overpriced due to short‐sales constraints. When aggregate disagreement is low, the Security Market Line is upward‐sloping due to risk‐sharing. When it is high, expected returns can actually decrease with beta. We confirm our theory using a measure of disagreement about stock market earnings.",True,2,Barroso (2025); Bradrania (2023),,0.03,0.5444
10.1257/0895330042162430,10.1257/0895330042162430,The Capital Asset Pricing Model: Theory and Evidence,"Fama, Eugene F; French, Kenneth R",2004,Journal of Economic Perspectives,journal-article,"The capital asset pricing model (CAPM) of William Sharpe (1964) and John Lintner (1965) marks the birth of asset pricing theory (resulting in a Nobel Prize for Sharpe in 1990). Before their breakthrough, there were no asset pricing models built from first principles about the nature of tastes and investment opportunities and with clear testable predictions about risk and return. Four decades later, the CAPM is still widely used in applications, such as estimating the cost of equity capital for firms and evaluating the performance of managed portfolios. And it is the centerpiece, indeed often the only asset pricing model taught in MBA level investment courses. The attraction of the CAPM is its powerfully simple logic and intuitively pleasing predictions about how to measure risk and about the relation between expected return and risk. Unfortunately, perhaps because of its simplicity, the empirical record of the model is poor - poor enough to invalidate the way it is used in applications. The model's empirical problems may reflect true failings. (It is, after all, just a model.) But they may also be due to shortcomings of the empirical tests, most notably, poor proxies for the market portfolio of invested wealth, which plays a central role in the model's predictions. We argue, however, that if the market proxy problem invalidates tests of the model, it also invalidates most applications, which typically borrow the market proxies used in empirical tests. For perspective on the CAPM's predictions about risk and expected return, we begin with a brief summary of its logic. We then review the history of empirical work on the model and what it says about shortcomings of the CAPM that pose challenges to be explained by more complicated models.",False,2,Bali (2017); Fallahgoul (2024),,0.0276,0.543
10.2469/faj.v48.n5.28,10.2469/faj.v48.n5.28,Global Portfolio Optimization,"Black, Fischer; Litterman, Robert",1992,Financial Analysts Journal,journal-article,,True,2,Blomvall (2026); Daniel (2020),,0.0259,0.5417
10.1111/j.1540-6261.2008.01368.x,10.1111/j.1540-6261.2008.01368.x,Presidential Address: The Cost of Active Investing,"FRENCH, KENNETH R.",2008,The Journal of Finance,journal-article,"I compare the fees, expenses, and trading costs society pays to invest in the U.S. stock market with an estimate of what would be paid if everyone invested passively. Averaging over 1980–2006, I find investors spend 0.67% of the aggregate value of the market each year searching for superior returns. Society's capitalized cost of price discovery is at least 10% of the current market cap. Under reasonable assumptions, the typical investor would increase his average annual return by 67 basis points over the 1980–2006 period if he switched to a passive market portfolio.",True,2,Guijarro-Ordonez (2026); Linnainmaa (2018),,0.0224,0.5376
10.1086/295508,10.1086/295508,How to Use Security Analysis to Improve Portfolio Selection,"Treynor, Jack L.; Black, Fischer",1973,The Journal of Business,journal-article,,False,2,Cao (2016); seed: Does Academic Research Destroy Stock Ret,,0.0177,0.5336
10.1093/rfs/15.3.805,10.1093/rfs/15.3.805,Optimal Portfolio Selection with Transaction Costs and Finite Horizons,"Liu, Hong; Loewenstein, Mark",2002,Review of Financial Studies,journal-article,,True,2,Carrasco (2023); Moallemi (2017),,0.0169,0.5322
10.2307/1926560,10.2307/1926560,Lifetime Portfolio Selection under Uncertainty: The Continuous-Time Case,"Merton, Robert C.",1969,The Review of Economics and Statistics,journal-article,,False,2,Blomvall (2026); seed: Learning to trade via direct reinforceme,,0.016,0.5295
10.1093/rfs/hhl003,10.1093/rfs/hhl003,Portfolio Selection with Parameter and Model Uncertainty: A Multi-Prior Approach,"Garlappi, Lorenzo; Uppal, Raman; Wang, Tan",2006,Review of Financial Studies,journal-article,,True,2,Allena (2025); Olivares-Nadal (2018),,0.0145,0.5254
10.1007/s002450010003,10.1007/s002450010003,Continuous-Time Mean-Variance Portfolio Selection: A Stochastic LQ Framework,"Zhou, X. Y.; Li, D.",2000,Applied Mathematics &amp; Optimization,journal-article,,False,2,Wang (2020); seed: Recent advances in reinforcement learnin,,0.0144,0.5241
10.1016/j.ejor.2019.01.013,10.1016/j.ejor.2019.01.013,Importance sampling in stochastic optimization: An application to intertemporal portfolio choice,"Ekblom, J.; Blomvall, J.",2020,European Journal of Operational Research,journal-article,,False,2,Blomvall (2026); Muhle-Karbe (2026),,0.0142,0.5214
10.2139/ssrn.3428125,10.2139/ssrn.3428125,Large Scale Continuous-Time Mean-Variance Portfolio Allocation via Reinforcement Learning,"Wang, Haoran",2019,SSRN Electronic Journal,journal-article,,False,2,Wang (2020); seed: Recent advances in reinforcement learnin,,0.0134,0.52
10.1016/s0304-405x(01)00074-5,10.1016/s0304-405x(01)00074-5,Portfolio choice and equity characteristics: characterizing the hedging demands induced by return predictability,"Lynch, Anthony W",2001,Journal of Financial Economics,journal-article,,True,2,Blomvall (2026); Mei (2018),,0.0126,0.5187
10.1111/1467-9965.00100,10.1111/1467-9965.00100,Optimal Dynamic Portfolio Selection: Multiperiod Mean‐Variance Formulation,"Li, Duan; Ng, Wan‐Lung",2000,Mathematical Finance,journal-article,"The mean‐variance formulation by Markowitz in the 1950s paved a foundation for modern portfolio selection analysis in a single period. This paper considers an analytical optimal solution to the mean‐variance formulation in multiperiod portfolio selection. Specifically, analytical optimal portfolio policy and analytical expression of the mean‐variance efficient frontier are derived in this paper for the multiperiod mean‐variance formulation. An efficient algorithm is also proposed for finding an optimal portfolio policy to maximize a utility function of the expected value and the variance of the terminal wealth.",True,2,Wang (2020); seed: Recent advances in reinforcement learnin,,0.0119,0.5173
10.2139/ssrn.2480311,10.2139/ssrn.2480311,Managing Transaction Costs in a Dynamic Trading Strategy,"Sefton, James A.; Champonnois, Sylvain",2014,Elsevier BV,posted-content,We derive an explicit solution to a continuous time dynamic portfolio problem assuming investors maximize their welfare from a consumption stream in an incomplete market where returns to the securities are predictable but costly to trade. The solution is phrased in terms of a risk-sensitive Riccati equation. We show that the optimal trading strategy is to target a portfolio that is the optimal solution to a frictionless (or 'no-cost') dynamic portfolio problem but where the returns to the assets have been adjusted for costs; that is they have been expressed on a net rather than gross basis. The legacy portfolio (the inherited undesirable positions) are then traded away in line with a backward-looking optimal execution problem. We show that the utility gradient is a stochastic discount factor that prices the assets net returns. Thus we are able to generalise some of the results of the martingale approach to dynamic portfolio theory to market with frictions.,False,2,Mei (2018); Muhle-Karbe (2026),,0.0105,0.5146
10.1017/s0022109012000117,10.1017/s0022109012000117,It’s All in the Timing: Simple Active Portfolio Strategies that Outperform Naïve Diversification,"Kirby, Chris; Ostdiek, Barbara",2012,Journal of Financial and Quantitative Analysis,journal-article,"DeMiguel, Garlappi, and Uppal (2009) report that naïve diversification dominates mean-variance optimization in out-of-sample asset allocation tests. Our analysis suggests that this is largely due to their research design, which focuses on portfolios that are subject to high estimation risk and extreme turnover. We find that mean-variance optimization often outperforms naïve diversification, but turnover can erode its advantage in the presence of transaction costs. To address this issue, we develop 2 new methods of mean-variance portfolio selection (volatility timing and reward-to-risk timing) that deliver portfolios characterized by low turnover. These timing strategies outperform naïve diversification even in the presence of high transaction costs.",True,2,Barroso (2025); Simon (2026),,0.007,0.5079
10.1137/080723776,10.1137/080723776,An Affine Control Method for Optimal Dynamic Asset Allocation with Transaction Costs,"Calafiore, Giuseppe Carlo",2009,SIAM Journal on Control and Optimization,journal-article,"In this paper, we present a novel and computationally efficient approach to constrained discrete-time dynamic asset allocation over multiple periods. This technique is able to control portfolio expectation and variance at both final and intermediate stages of the decision horizon and may account for proportional transaction costs and intertemporal dependence of the return process. A key feature of the proposed method is the use of a linearly parameterized class of feedback control policies, which permits us to obtain explicit analytic expressions for the portfolio statistics over time. These expressions are proved to be convex in the decision parameters, and hence, under these control laws, the multistage problem is formulated and solved by means of efficient tools for quadratic or second-order-cone convex programming.",False,2,Mei (2018); Moallemi (2017),,0.0068,0.5052
10.1111/0022-1082.00205,10.1111/0022-1082.00205,Investing for the Long Run when Returns Are Predictable,"Barberis, Nicholas",2000,The Journal of Finance,journal-article,"We examine how the evidence of predictability in asset returns affects optimal portfolio choice for investors with long horizons. Particular attention is paid to estimation risk, or uncertainty about the true values of model parameters. We find that even after incorporating parameter uncertainty, there is enough predictability in returns to make investors allocate substantially more to stocks, the longer their horizon. Moreover, the weak statistical significance of the evidence for predictability makes it important to take estimation risk into account; a long‐horizon investor who ignores it may overallocate to stocks by a sizeable amount.",True,2,Babiak (2026); Muhle-Karbe (2026),,0.005,0.5025
10.1111/j.1540-6261.1996.tb05201.x,10.1111/j.1540-6261.1996.tb05201.x,The Conditional CAPM and the Cross‐Section of Expected Returns,"JAGANNATHAN, RAVI; WANG, ZHENYU",1996,The Journal of Finance,journal-article,"Most empirical studies of the static CAPM assume that betas remain constant over time and that the return on the value‐weighted portfolio of all stocks is a proxy for the return on aggregate wealth. The general consensus is that the static CAPM is unable to explain satisfactorily the cross‐section of average returns on stocks. We assume that the CAPM holds in a conditional sense, i.e., betas and the market risk premium vary over time. We include the return on human capital when measuring the return on aggregate wealth. Our specification performs well in explaining the cross‐section of average returns.",True,2,Bali (2017); CEDERBURG (2016),,0.0048,0.4998
10.1142/s0129065797000422,10.1142/s0129065797000422,Using a Financial Training Criterion Rather than a Prediction Criterion,"Bengio, Yoshua",1997,International Journal of Neural Systems,journal-article,"The application of this work is to decision making with financial time series, using learning algorithms. The traditional approach is to train a model using a prediction criterion, such as minimizing the squared error between predictions and actual values of a dependent variable, or maximizing the likelihood of a conditional model of the dependent variable. We find here with noisy time series that better results can be obtained when the model is directly trained in order to maximize the financial criterion of interest, here gains and losses (including those due to transactions) incurred during trading. Experiments were performed on portfolio selection with 35 Canadian stocks.",False,2,Costa (2023); Ho-Nguyen (2022),,0.0046,0.4957
10.1111/j.1540-6261.1997.tb02745.x,10.1111/j.1540-6261.1997.tb02745.x,International Asset Pricing and Portfolio Diversification with Time‐Varying Risk,"DE SANTIS, GIORGIO; GERARD, BRUNO",1997,The Journal of Finance,journal-article,"We test the conditional capital asset pricing model (CAPM) for the world's eight largest equity markets using a parsimonious generalized autoregressive conditional heteroskedasticity (GARCH) parameterization. Our methodology can be applied simultaneously to many assets and, at the same time, accommodate general dynamics of the conditional moments. The evidence supports most of the pricing restrictions of the model, but some of the variation in risk‐adjusted excess returns remains predictable during periods of high interest rates. Our estimates indicate that, although severe market declines are contagious, the expected gains from international diversification for a U.S. investor average 2.11 percent per year and have not significantly declined over the last two decades.",True,2,Daniel (2020); seed: Betting against beta,,0.0045,0.4944
10.1111/j.1540-6261.2007.01226.x,10.1111/j.1540-6261.2007.01226.x,On the Importance of Measuring Payout Yield: Implications for Empirical Asset Pricing,"BOUDOUKH, JACOB; MICHAELY, RONI; RICHARDSON, MATTHEW; ROBERTS, MICHAEL R.",2007,The Journal of Finance,journal-article,"We investigate the empirical implications of using various measures of payout yield rather than dividend yield for asset pricing models. We find statistically and economically significant predictability in the time series when payout (dividends plus repurchases) and net payout (dividends plus repurchases minus issuances) yields are used instead of the dividend yield. Similarly, we find that payout (net payout) yields contains information about the cross section of expected stock returns exceeding that of dividend yields, and that the high minus low payout yield portfolio is a priced factor.",True,2,Linnainmaa (2018); seed: … and the Cross-Section of Expected Retu,,0.0044,0.4917
10.1111/1540-6261.00580,10.1111/1540-6261.00580,Risk Reduction in Large Portfolios: Why Imposing the Wrong Constraints Helps,"Jagannathan, Ravi; Ma, Tongshu",2003,The Journal of Finance,journal-article,"Green and Hollifield (1992) argue that the presence of a dominant factor would result in extreme negative weights in mean‐variance efficient portfolios even in the absence of estimation errors. In that case, imposing no‐short‐sale constraints should hurt, whereas empirical evidence is often to the contrary. We reconcile this apparent contradiction. We explain why constraining portfolio weights to be nonnegative can reduce the risk in estimated optimal portfolios even when the constraints are wrong. Surprisingly, with no‐short‐sale constraints in place, the sample covariance matrix performs as well as covariance matrix estimates based on factor models, shrinkage estimators, and daily data.",True,2,Butler (2023); Simon (2026),,0.0043,0.4903
10.1137/22m1499819,10.1137/22m1499819,On the Inconsistency of Kernel Ridgeless Regression in Fixed Dimensions,"Beaglehole, Daniel; Belkin, Mikhail; Pandit, Parthe",2023,SIAM Journal on Mathematics of Data Science,journal-article,"“Benign overfitting,” the ability of certain algorithms to interpolate noisy training data and yet perform well out-of-sample, has been a topic of considerable recent interest. We show, using a fixed design setup, that an important class of predictors, kernel machines with translation-invariant kernels, does not exhibit benign overfitting in fixed dimensions. In particular, the estimated predictor does not converge to the ground truth with increasing sample size, for any nonzero regression function and any (even adaptive) bandwidth selection. To prove these results, we give exact expressions for the generalization error and its decomposition in terms of an approximation error and an estimation error that elicits a trade-off based on the selection of the kernel bandwidth. Our results apply to commonly used translation-invariant kernels such as Gaussian, Laplace, and Cauchy.",False,2,Jensen (2026); seed: Machine Learning and the Implementable E,,0.0,0.3268
10.1111/jofi.12771,10.1111/jofi.12771,Real Anomalies,"van BINSBERGEN, JULES H.; OPP, CHRISTIAN C.",2019,The Journal of Finance,journal-article,"We examine the importance of cross‐sectional asset pricing anomalies (alphas) for the real economy. To this end, we develop a novel quantitative model of the cross‐section of firms that features lumpy investment and informational inefficiencies, while yielding distributions in closed form. Our findings indicate that anomalies can cause material real inefficiencies, which raises the possibility that agents who help eliminate them add significant value to the economy. The model shows that the magnitude of alphas alone is a poor indicator of real outcomes, and highlights the importance of the alpha persistence, the amount of mispriced capital, and the Tobin's q of firms affected.",True,2,Jensen (2026); seed: Machine Learning and the Implementable E,,0.0,0.3268
10.2139/ssrn.3554486,10.2139/ssrn.3554486,AlphaPortfolio for Investment and Economically Interpretable AI,"Cong, Lin; Tang, Ke; Wang, Jingyuan; Zhang, Yang",2020,SSRN Electronic Journal,journal-article,,False,2,Guijarro-Ordonez (2026); Simon (2026),,0.0,0.3268
10.1007/s10107-017-1125-8,10.1007/s10107-017-1125-8,Data-driven robust optimization,"Bertsimas, Dimitris; Gupta, Vishal; Kallus, Nathan",2017,Mathematical Programming,journal-article,,False,2,"Costa (2023); seed: Smart “Predict, then Optimize”",,0.0,0.3268
10.1093/rfs/4.2.315,10.1093/rfs/4.2.315,On the Sensitivity of Mean-Variance-Efficient Portfolios to Changes in Asset Means: Some Analytical and Computational Results,"Best, Michael J.; Grauer, Robert R.",1991,Review of Financial Studies,journal-article,,True,2,Butler (2023); Costa (2023),,0.0,0.3268
10.1109/18.749011,10.1109/18.749011,Improved rates and asymptotic normality for nonparametric neural network estimators,"Xiaohong Chen; White, H.",1999,IEEE Transactions on Information Theory,journal-article,,False,2,Fallahgoul (2024); Guijarro-Ordonez (2026),,0.0,0.3268
10.1093/rfs/hhp083,10.1093/rfs/hhp083,Brokerage Commissions and Institutional Trading Patterns,"Goldstein, Michael A.; Irvine, Paul; Kandel, Eugene; Wiener, Zvi",2009,Review of Financial Studies,journal-article,,True,2,Guijarro-Ordonez (2026); seed: Does Academic Research Destroy Stock Ret,,0.0,0.3268
10.1109/cvpr.2016.90,10.1109/cvpr.2016.90,Deep Residual Learning for Image Recognition,"He, Kaiming; Zhang, Xiangyu; Ren, Shaoqing; Sun, Jian",2016,2016 IEEE Conference on Computer Vision and Pattern Recognition (CVPR),proceedings-article,,False,2,Guijarro-Ordonez (2026); seed: Empirical Asset Pricing via Machine Lear,,0.0,0.3268
10.1111/jofi.13268,10.1111/jofi.13268,(Re‐)Imag(in)ing Price Trends,"JIANG, JINGWEN; KELLY, BRYAN; XIU, DACHENG",2023,The Journal of Finance,journal-article,"We reconsider trend‐based predictability by employing flexible learning methods to identify price patterns that are highly predictive of returns, as opposed to testing predefined patterns like momentum or reversal. Our predictor data are stock‐level price charts, allowing us to extract the most predictive price patterns using machine learning image analysis techniques. These patterns differ significantly from commonly analyzed trend signals, yield more accurate return predictions, enable more profitable investment strategies, and demonstrate robustness across specifications. Remarkably, they exhibit context independence, as short‐term patterns perform well on longer time scales, and patterns learned from U.S. stocks prove effective in international markets.",True,2,Babiak (2026); Guijarro-Ordonez (2026),,0.0,0.3268
10.1287/mnsc.48.4.470.210,10.1287/mnsc.48.4.470.210,Predicting Equity Liquidity,"Breen, William J.; Hodrick, Laurie Simon; Korajczyk, Robert A.",2002,Management Science,journal-article,"In this paper we develop a measure of liquidity, price impact, which quantifies the change in a firm's stock price associated with its observed net trading volume. For a large set of institutional trades we compare out-of-sample, characteristic-based estimates of price impact to actual price impacts. Predictive predetermined firm characteristics, chosen to proxy for the severity of adverse selection in the equity market, the non-information-based costs of making a market in the stock, and the extent of shareholder heterogeneity, include relative size, historical relative trading volume, institutional holdings, and the inverse of the stock price. We find numerous aspects of trade execution which are significantly related to the price impact forecast error in economically plausible ways: For example, the predicted price impact overestimates the actual price impact for very large trades, for trades executed in a more patient manner, and for trades where the institution pays higher commissions.",True,2,Novy-Marx (2015); seed: Dynamic Trading with Predictable Returns,,0.0,0.3268
10.2307/1913837,10.2307/1913837,Asset Prices in an Exchange Economy,"Lucas, Robert E.",1978,Econometrica,journal-article,,False,2,Novy-Marx (2015); seed: … and the Cross-Section of Expected Retu,,0.0,0.3268
10.1111/0022-1082.00146,10.1111/0022-1082.00146,Do Industries Explain Momentum?,"Moskowitz, Tobias J.; Grinblatt, Mark",1999,The Journal of Finance,journal-article,"This paper documents a strong and prevalent momentum effect in industry components of stock returns which accounts for much of the individual stock momentum anomaly. Specifically, momentum investment strategies, which buy past winning stocks and sell past losing stocks, are significantly less profitable once we control for industry momentum. By contrast, industry momentum investment strategies, which buy stocks from past winning industries and sell stocks from past losing industries, appear highly profitable, even after controlling for size, book‐to‐market equity, individual stock momentum, the cross‐sectional dispersion in mean returns, and potential microstructure influences.",True,2,Novy-Marx (2015); seed: … and the Cross-Section of Expected Retu,,0.0,0.3268
10.2139/ssrn.3229719,10.2139/ssrn.3229719,Trading Costs,"Frazzini, Andrea; Israel, Ronen; Moskowitz, Tobias J.",2018,Elsevier BV,posted-content,"Using 1.7 trillion dollars of live trade execution data from a large institutional money manager across 21 developed equity markets over a 19-year period, we measure the real-world trading costs and price impact function of a large trader. We provide a novel description of how costs vary across trade type, stock characteristics, trade size, time, and exchanges globally to test various theories of price impact. We find actual trading costs to be an order of magnitude smaller than previous studies suggest, and describe the trading process leading to these costs. A model calibrated to match the distribution of actual costs across trade size, stocks, and time outperforms other models from the literature in out of sample tests that attempt to describe independent costs from brokers and realized costs of traded index funds. Our model based on realized costs from live trades portrays very different implementation costs than previous studies suggest.",False,2,Jo (2026); Muhle-Karbe (2026),,0.0,0.3268
10.1016/j.jfineco.2009.11.003,10.1016/j.jfineco.2009.11.003,A resolution of the distress risk and leverage puzzles in the cross section of stock returns,"George, Thomas J.; Hwang, Chuan-Yang",2010,Journal of Financial Economics,journal-article,,True,2,CEDERBURG (2016); seed: … and the Cross-Section of Expected Retu,,0.0,0.3268
10.1086/375379,10.1086/375379,Equilibrium Cross Section of Returns,"Gomes, Joao; Kogan, Leonid; Zhang, Lu",2003,Journal of Political Economy,journal-article,,False,2,CEDERBURG (2016); seed: Machine Learning vs. Economic Restrictio,,0.0,0.3268
10.1086/323282,10.1086/323282,Resurrecting the (C)CAPM: A Cross‐Sectional Test When Risk Premia Are Time‐Varying,"Lettau, Martin; Ludvigson, Sydney",2001,Journal of Political Economy,journal-article,,False,2,CEDERBURG (2016); seed: … and the Cross-Section of Expected Retu,,0.0,0.3268
10.3386/w20591,10.3386/w20591,Understanding Defensive Equity,"Novy-Marx, Robert",2014,National Bureau of Economic Research,report,,False,2,Blitz (2017); CEDERBURG (2016),,0.0,0.3268
10.1016/0304-405x(83)90031-4,10.1016/0304-405x(83)90031-4,"The relationship between earnings' yield, market value and return for NYSE common stocks","Basu, Sanjoy",1983,Journal of Financial Economics,journal-article,,True,2,Karolyi (2020); seed: … and the Cross-Section of Expected Retu,,0.0,0.3268
10.1086/261141,10.1086/261141,"Stochastic Consumption, Risk Aversion, and the Temporal Behavior of Asset Returns","Hansen, Lars Peter; Singleton, Kenneth J.",1983,Journal of Political Economy,journal-article,,False,2,Carrasco (2023); Karolyi (2020),,0.0,0.3268
10.1016/0304-3932(85)90061-3,10.1016/0304-3932(85)90061-3,The equity premium: A puzzle,"Mehra, Rajnish; Prescott, Edward C.",1985,Journal of Monetary Economics,journal-article,,False,2,Barroso (2025); Karolyi (2020),,0.0,0.3268
10.3982/ecta17842,10.3982/ecta17842,Economic Predictions With Big Data: The Illusion of Sparsity,"Giannone, Domenico; Lenza, Michele; Primiceri, Giorgio E.",2021,Econometrica,journal-article,"We compare sparse and dense representations of predictive models in macroeconomics, microeconomics, and finance. To deal with a large number of possible predictors, we specify a prior that allows for both variable selection and shrinkage. The posterior distribution does not typically concentrate on a single sparse model, but on a wide set of models that often include many predictors.",False,2,Jo (2026); seed: The Virtue of Complexity in Return Predi,,0.0,0.3268
10.1016/0304-405x(89)90095-0,10.1016/0304-405x(89)90095-0,Business conditions and expected returns on stocks and bonds,"Fama, Eugene F.; French, Kenneth R.",1989,Journal of Financial Economics,journal-article,,True,2,Babiak (2026); Han (2024),,0.0,0.3268
10.1002/for.3980030207,10.1002/for.3980030207,Improved methods of combining forecasts,"Granger, Clive W. J.; Ramanathan, Ramu",1984,Journal of Forecasting,journal-article,"It is well known that a linear combination of forecasts can outperform individual forecasts. The common practice, however, is to obtain a weighted average of forecasts, with the weights adding up to unity. This paper considers three alternative approaches to obtaining linear combinations. It is shown that the best method is to add a constant term and not to constrain the weights to add to unity. These methods are tested with data on forecasts of quarterly hog prices, both within and out of sample. It is demonstrated that the optimum method proposed here is superior to the common practice of letting the weights add up to one.",False,2,Han (2024); Zhao (2022),,0.0,0.3268
10.1016/j.jfineco.2016.01.029,10.1016/j.jfineco.2016.01.029,A trend factor: Any economic gains from using information over investment horizons?,"Han, Yufeng; Zhou, Guofu; Zhu, Yingzi",2016,Journal of Financial Economics,journal-article,,True,2,Brogaard (2022); Han (2024),,0.0,0.3268
10.1093/biomet/76.2.297,10.1093/biomet/76.2.297,Regression and time series model selection in small samples,"HURVICH, CLIFFORD M.; TSAI, CHIH-LING",1989,Biometrika,journal-article,,False,2,Han (2024); Zhao (2022),,0.0,0.3268
10.1016/j.jfineco.2021.10.006,10.1016/j.jfineco.2021.10.006,Market efficiency in the age of big data,"Martin, Ian W.R.; Nagel, Stefan",2022,Journal of Financial Economics,journal-article,,True,2,Han (2024); seed: The Virtue of Complexity in Return Predi,,0.0,0.3268
10.1016/s1574-0706(05)01004-9,10.1016/s1574-0706(05)01004-9,Chapter 4 Forecast Combinations,"Timmermann, Allan",2006,Handbook of Economic Forecasting,book-chapter,,False,2,Han (2024); Zhao (2022),,0.0,0.3268
10.1016/j.jfineco.2010.08.011,10.1016/j.jfineco.2010.08.011,"Jump risk, stock returns, and slope of implied volatility smile","Yan, Shu",2011,Journal of Financial Economics,journal-article,,True,2,Han (2024); seed: … and the Cross-Section of Expected Retu,,0.0,0.3268
10.1111/j.1467-9868.2005.00503.x,10.1111/j.1467-9868.2005.00503.x,Regularization and Variable Selection Via the Elastic Net,"Zou, Hui; Hastie, Trevor",2005,Journal of the Royal Statistical Society Series B: Statistical Methodology,journal-article,"Summary We propose the elastic net, a new regularization and variable selection method. Real world data and a simulation study show that the elastic net often outperforms the lasso, while enjoying a similar sparsity of representation. In addition, the elastic net encourages a grouping effect, where strongly correlated predictors tend to be in or out of the model together. The elastic net is particularly useful when the number of predictors (p) is much bigger than the number of observations (n). By contrast, the lasso is not a very satisfactory variable selection method in the p≫n case. An algorithm called LARS-EN is proposed for computing elastic net regularization paths efficiently, much like algorithm LARS does for the lasso.",False,2,Han (2024); Lettau (2020),,0.0,0.3268
10.1016/j.jempfin.2004.02.004,10.1016/j.jempfin.2004.02.004,Momentum strategies: some bootstrap tests,"Karolyi, G.Andrew; Kho, Bong-Chan",2004,Journal of Empirical Finance,journal-article,,True,2,Yan (2017); seed: … and the Cross-Section of Expected Retu,,0.0,0.3268
10.1111/j.1540-6261.2006.01015.x,10.1111/j.1540-6261.2006.01015.x,Can Mutual Fund “Stars” Really Pick Stocks? New Evidence from a Bootstrap Analysis,"KOSOWSKI, ROBERT; TIMMERMANN, ALLAN; WERMERS, RUSS; WHITE, HAL",2006,The Journal of Finance,journal-article,"We apply a new bootstrap statistical technique to examine the performance of the U.S. open‐end, domestic equity mutual fund industry over the 1975 to 2002 period. A bootstrap approach is necessary because the cross section of mutual fund alphas has a complex nonnormal distribution due to heterogeneous risk‐taking by funds as well as nonnormalities in individual fund alpha distributions. Our bootstrap approach uncovers findings that differ from many past studies. Specifically, we find that a sizable minority of managers pick stocks well enough to more than cover their costs. Moreover, the superior alphas of these managers persist .",True,2,Yan (2017); seed: … and the Cross-Section of Expected Retu,,0.0,0.3268
10.1016/0165-4101(89)90017-7,10.1016/0165-4101(89)90017-7,Financial statement analysis and the prediction of stock returns,"Ou, Jane A.; Penman, Stephen H.",1989,Journal of Accounting and Economics,journal-article,,False,2,Yan (2017); seed: … and the Cross-Section of Expected Retu,,0.0,0.3268
10.1023/a:1020221918065,10.1023/a:1020221918065,Inventory Changes and Future Returns,"Thomas, Jacob K.; Zhang, Huai",2002,Review of Accounting Studies,journal-article,,False,2,Linnainmaa (2018); Yan (2017),,0.0,0.3268
10.1016/j.jeconom.2006.05.023,10.1016/j.jeconom.2006.05.023,Approximately normal tests for equal predictive accuracy in nested models,"Clark, Todd E.; West, Kenneth D.",2007,Journal of Econometrics,journal-article,,True,2,Babiak (2026); Zhao (2022),,0.0,0.3268
10.1198/073500102753410444,10.1198/073500102753410444,Comparing Predictive Accuracy,"Diebold, Francis X; Mariano, Robert S",2002,Journal of Business &amp; Economic Statistics,journal-article,,False,2,Allena (2025); Babiak (2026),,0.0,0.3268
10.1111/0022-1082.00327,10.1111/0022-1082.00327,The Economic Value of Volatility Timing,"Fleming, Jeff; Kirby, Chris; Ostdiek, Barbara",2001,The Journal of Finance,journal-article,"Numerous studies report that standard volatility models have low explanatory power, leading some researchers to question whether these models have economic value. We examine this question by using conditional meanm‐variance analysis to assess the value of volatility timing to short‐horizon investors. We find that the volatility timing strategies outperform the unconditionally efficient static portfolios that have the same target expected return and volatility. This finding is robust to estimation risk and transaction costs.",True,2,Babiak (2026); Barroso (2025),,0.0,0.3268
10.1162/neco.1997.9.8.1735,10.1162/neco.1997.9.8.1735,Long Short-Term Memory,"Hochreiter, Sepp; Schmidhuber, Jürgen",1997,Neural Computation,journal-article,"Learning to store information over extended time intervals by recurrent backpropagation takes a very long time, mostly because of insufficient, decaying error backflow. We briefly review Hochreiter's (1991) analysis of this problem, then address it by introducing a novel, efficient, gradient based method called long short-term memory (LSTM). Truncating the gradient where this does not do harm, LSTM can learn to bridge minimal time lags in excess of 1000 discrete-time steps by enforcing constant error flow through constant error carousels within special units. Multiplicative gate units learn to open and close access to the constant error flow. LSTM is local in space and time; its computational complexity per time step and weight is O. 1. Our experiments with artificial data involve local, distributed, real-valued, and noisy pattern representations. In comparisons with real-time recurrent learning, back propagation through time, recurrent cascade correlation, Elman nets, and neural sequence chunking, LSTM leads to many more successful runs, and learns much faster. LSTM also solves complex, artificial long-time-lag tasks that have never been solved by previous recurrent network algorithms.",False,2,Babiak (2026); seed: Deep Learning in Asset Pricing,,0.0,0.3268
10.1111/j.1540-6261.1995.tb04055.x,10.1111/j.1540-6261.1995.tb04055.x,Predictability of Stock Returns: Robustness and Economic Significance,"PESARAN, M. HASHEM; TIMMERMANN, ALLAN",1995,The Journal of Finance,journal-article,"This article examines the robustness of the evidence on predictability of U.S. stock returns, and addresses the issue of whether this predictability could have been historically exploited by investors to earn profits in excess of a buy‐and‐hold strategy in the market index. We find that the predictive power of various economic factors over stock returns changes through time and tends to vary with the volatility of returns. The degree to which stock returns were predictable seemed quite low during the relatively calm markets in the 1960s, but increased to a level where, net of transaction costs, it could have been exploited by investors in the volatile markets of the 1970s.",True,2,Babiak (2026); seed: Deep Learning in Asset Pricing,,0.0,0.3268
10.1016/s0304-405x(99)00041-0,10.1016/s0304-405x(99)00041-0,Predictive regressions,"Stambaugh, Robert F.",1999,Journal of Financial Economics,journal-article,,True,2,Babiak (2026); Carrasco (2023),,0.0,0.3268
10.2469/faj.v62.n2.4084,10.2469/faj.v62.n2.4084,The Strategic and Tactical Value of Commodity Futures,"Erb, Claude B.; Harvey, Campbell R.",2006,Financial Analysts Journal,journal-article,,True,2,Oderda (2015); seed: Dynamic Trading with Predictable Returns,,0.0,0.3268
10.1016/j.jfineco.2012.05.011,10.1016/j.jfineco.2012.05.011,"Size, value, and momentum in international stock returns","Fama, Eugene F.; French, Kenneth R.",2012,Journal of Financial Economics,journal-article,,True,2,Fama (2015); Oderda (2015),,0.0,0.3268
10.1111/1468-0262.00392,10.1111/1468-0262.00392,Inferential Theory for Factor Models of Large Dimensions,"Bai, Jushan",2003,Econometrica,journal-article,,False,2,Lettau (2020); seed: Autoencoder asset pricing models,,0.0,0.3268
10.1016/0304-405x(88)90062-1,10.1016/0304-405x(88)90062-1,Risk and return in an equilibrium APT,"Connor, Gregory; Korajczyk, Robert A.",1988,Journal of Financial Economics,journal-article,,True,2,Lettau (2020); seed: Characteristics are covariances: A unifi,,0.0,0.3268
10.1111/j.1540-6261.1993.tb04754.x,10.1111/j.1540-6261.1993.tb04754.x,A Test for the Number of Factors in an Approximate Factor Model,"CONNOR, GREGORY; KORAJCZYK, ROBERT A.",1993,The Journal of Finance,journal-article,"An important issue in applications of multifactor models of asset returns is the appropriate number of factors. Most extant tests for the number of factors are valid only for strict factor models, in which diversifiable returns are uncorrelated across assets. In this paper we develop a test statistic to determine the number of factors in an approximate factor model of asset returns, which does not require that diversifiable components of returns be uncorrelated across assets. We find evidence for one to six pervasive factors in the cross‐section of New York Stock Exchange and American Stock Exchange stock returns.",True,2,Kim (2020); Lettau (2020),,0.0,0.3268
10.2139/ssrn.2983919,10.2139/ssrn.2983919,Instrumented Principal Component Analysis,"Kelly, Bryan T.; Pruitt, Seth; Su, Yinan",2017,SSRN Electronic Journal,journal-article,,False,2,Kim (2020); Lettau (2020),,0.0,0.3268
10.1198/016214502388618960,10.1198/016214502388618960,Forecasting Using Principal Components From a Large Number of Predictors,"Stock, James H; Watson, Mark W",2002,Journal of the American Statistical Association,journal-article,,False,2,Lettau (2020); seed: Characteristics are covariances: A unifi,,0.0,0.3268
10.1086/296344,10.1086/296344,Economic Forces and the Stock Market,"Chen, Nai-Fu; Roll, Richard; Ross, Stephen A.",1986,The Journal of Business,journal-article,,False,2,Moallemi (2017); seed: … and the Cross-Section of Expected Retu,,0.0,0.3268
10.1016/s1386-4181(97)00012-8,10.1016/s1386-4181(97)00012-8,Optimal control of execution costs,"Bertsimas, Dimitris; Lo, Andrew W.",1998,Journal of Financial Markets,journal-article,,False,2,Moallemi (2017); seed: Dynamic Trading with Predictable Returns,,0.0,0.3268
10.1109/tac.2010.2046053,10.1109/tac.2010.2046053,Design of Affine Controllers via Convex Optimization,"Skaf, Joëlle; Boyd, Stephen P.",2010,IEEE Transactions on Automatic Control,journal-article,,False,2,Mei (2018); Moallemi (2017),,0.0,0.3268
10.2469/faj.v68.n1.1,10.2469/faj.v68.n1.1,Leverage Aversion and Risk Parity,"Asness, Clifford S.; Frazzini, Andrea; Pedersen, Lasse H.",2012,Financial Analysts Journal,journal-article,,True,2,Li (2014); seed: Betting against beta,,0.0,0.3268
10.1111/0022-1082.00349,10.1111/0022-1082.00349,The High‐Volume Return Premium,"Gervais, Simon; Kaniel, Ron; Mingelgrin, Dan H.",2001,The Journal of Finance,journal-article,"The idea that extreme trading activity contains information about the future evolution of stock prices is investigated. We find that stocks experiencing unusually high (low) trading volume over a day or a week tend to appreciate (depreciate) over the course of the following month. We argue that this high‐volume return premium is consistent with the idea that shocks in the trading activity of a stock affect its visibility, and in turn the subsequent demand and price for that stock. Return autocorrelations, firm announcements, market risk, and liquidity do not seem to explain our results.",True,2,Bali (2017); Li (2014),,0.0,0.3268
10.1016/0304-405x(77)90009-5,10.1016/0304-405x(77)90009-5,A critique of the asset pricing theory's tests Part I: On past and potential testability of the theory,"Roll, Richard",1977,Journal of Financial Economics,journal-article,,True,2,Daniel (2020); seed: Characteristics are covariances: A unifi,,0.0,0.3268
10.1016/j.jfineco.2017.12.002,10.1016/j.jfineco.2017.12.002,Leverage constraints and asset prices: Insights from mutual fund risk taking,"Boguth, Oliver; Simutin, Mikhail",2018,Journal of Financial Economics,journal-article,,True,2,Barroso (2025); Irvine (2024),,0.0,0.3268
10.1111/jofi.12616,10.1111/jofi.12616,Margin Requirements and the Security Market Line,"JYLHÄ, PETRI",2018,The Journal of Finance,journal-article,"Between 1934 and 1974, the Federal Reserve changed the initial margin requirement for the U.S. stock market 22 times. I use this variation to show that investors' leverage constraints affect the pricing of risk. Consistent with earlier theoretical predictions, I find that tighter leverage constraints result in a flatter relation between betas and expected returns. My results provide strong empirical support for the idea that the constraints investors face may help explain the empirical failure of the capital asset pricing model.",True,2,Barroso (2025); Bradrania (2023),,0.0,0.3268
10.1111/j.1540-6261.1995.tb05166.x,10.1111/j.1540-6261.1995.tb05166.x,The New Issues Puzzle,"LOUGHRAN, TIM; RITTER, JAY R.",1995,The Journal of Finance,journal-article,"Companies issuing stock during 1970 to 1990, whether an initial public offering or a seasoned equity offering, have been poor long‐run investments for investors. During the five years after the issue, investors have received average returns of only 5 percent per year for companies going public and only 7 percent per year for companies conducting a seasoned equity offer. Book‐to‐market effects account for only a modest portion of the low returns. An investor would have had to invest 44 percent more money in the issuers than in nonissuers of the same size to have the same wealth five years after the offering date.",True,2,Barroso (2025); Fama (2015),,0.0,0.3268
10.1111/j.1540-6261.2011.01654.x,10.1111/j.1540-6261.2011.01654.x,Estimation and Evaluation of Conditional Asset Pricing Models,"NAGEL, STEFAN; SINGLETON, KENNETH J.",2011,The Journal of Finance,journal-article,"We find that several recently proposed consumption‐based models of stock returns, when evaluated using an optimal set of managed portfolios and the associated model‐implied conditional moment restrictions, fail to capture key features of risk premiums in equity markets. To arrive at these conclusions, we construct an optimal Generalized Method of Moments (GMM) estimator for models in which the stochastic discount factor (SDF) is a conditionally affine function of a set of priced risk factors, and we show that there is an optimal choice of managed portfolios to use in testing a null model against a proposed alternative generalized SDF.",True,2,Barroso (2025); seed: Deep Learning in Asset Pricing,,0.0,0.3268
10.2307/2490395,10.2307/2490395,Financial Ratios and the Probabilistic Prediction of Bankruptcy,"Ohlson, James A.",1980,Journal of Accounting Research,journal-article,,False,2,Barroso (2025); Linnainmaa (2018),,0.0,0.3268
10.1561/104.00000108,10.1561/104.00000108,Simply Better Market Betas,"Welch, Ivo",2022,Critical Finance Review,journal-article,,False,2,Barroso (2025); Drobetz (2024),,0.0,0.3268
10.3905/jpm.2006.661366,10.3905/jpm.2006.661366,Minimum-Variance Portfolios in the U.S. Equity Market,"Clarke, Roger G; de Silva, Harindra; Thorley, Steven",2006,The Journal of Portfolio Management,journal-article,,True,2,Li (2016); seed: Benchmarks as Limits to Arbitrage: Under,,0.0,0.3268
10.1111/0022-1082.00192,10.1111/0022-1082.00192,The Delisting Bias in CRSP's Nasdaq Data and Its Implications for the Size Effect,"Shumway, Tyler; Warther, Vincent A.",1999,The Journal of Finance,journal-article,"We investigate the bias in CRSP's Nasdaq data due to missing returns for delisted stocks. We find that the missing returns are large and negative on average, and that delisted stocks experience a substantial decrease in liquidity. We estimate that using a corrected return of −55 percent for missing performance‐related delisting returns corrects the bias. We revisit previous work which finds a size effect among Nasdaq stocks. After correcting for the delisting bias, there is no evidence that there ever was a size effect on Nasdaq. Our results are inconsistent with most risk‐based explanations of the size effect.",True,2,Li (2016); Linnainmaa (2018),,0.0,0.3268
10.3982/ecta8968,10.3982/ecta8968,Eigenvalue Ratio Test for the Number of Factors,,2013,Econometrica,journal-article,,False,2,Kim (2020); seed: Autoencoder asset pricing models,,0.0,0.3268
10.1016/j.jfineco.2015.02.004,10.1016/j.jfineco.2015.02.004,Deflating profitability,"Ball, Ray; Gerakos, Joseph; Linnainmaa, Juhani T.; Nikolaev, Valeri V.",2015,Journal of Financial Economics,journal-article,,True,2,BOWLES (2024); Kim (2020),,0.0,0.3268
10.1016/j.jempfin.2006.10.001,10.1016/j.jempfin.2006.10.001,Semiparametric estimation of a characteristic-based factor model of common stock returns,"Connor, Gregory; Linton, Oliver",2007,Journal of Empirical Finance,journal-article,,True,2,Drobetz (2024); Kim (2020),,0.0,0.3268
10.1016/s1386-4181(97)00004-9,10.1016/s1386-4181(97)00004-9,Liquidity and stock returns: An alternative test,"Datar, Vinay T.; Y. Naik, Narayan; Radcliffe, Robert",1998,Journal of Financial Markets,journal-article,,False,2,Kim (2020); seed: … and the Cross-Section of Expected Retu,,0.0,0.3268
10.1016/0304-405x(79)90012-6,10.1016/0304-405x(79)90012-6,The effect of personal taxes and dividends on capital asset prices,"Litzenberger, Robert H.; Ramaswamy, Krishna",1979,Journal of Financial Economics,journal-article,,True,2,Kim (2020); seed: … and the Cross-Section of Expected Retu,,0.0,0.3268
10.1080/07350015.1995.10524599,10.1080/07350015.1995.10524599,Comparing Predictive Accuracy,"Diebold, Francis X.; Mariano, Roberto S.",1995,Journal of Business &amp; Economic Statistics,journal-article,,False,2,Drobetz (2024); Zhao (2022),,0.0,0.3268
10.1016/b978-0-444-53683-9.00006-2,10.1016/b978-0-444-53683-9.00006-2,Forecasting Stock Returns,"Rapach, David; Zhou, Guofu",2013,Handbook of Economic Forecasting,book-chapter,,False,2,Zhao (2022); seed: The Virtue of Complexity in Return Predi,,0.0,0.3268
10.1016/0304-405x(79)90016-3,10.1016/0304-405x(79)90016-3,An intertemporal asset pricing model with stochastic consumption and investment opportunities,"Breeden, Douglas T.",1979,Journal of Financial Economics,journal-article,,True,2,de Roon (2012); seed: … and the Cross-Section of Expected Retu,,0.0,0.3268
10.1086/261977,10.1086/261977,Market Frictions and Consumption-Based Asset Pricing,"He, Hua; Modest, David M.",1995,Journal of Political Economy,journal-article,,False,2,Carrasco (2023); de Roon (2012),,0.0,0.3268
10.1086/426042,10.1086/426042,Consumption Risk and the Cross Section of Expected Returns,"Parker, Jonathan A.; Julliard, Christian",2005,Journal of Political Economy,journal-article,,False,2,de Roon (2012); seed: … and the Cross-Section of Expected Retu,,0.0,0.3268
10.1016/j.ememar.2013.02.004,10.1016/j.ememar.2013.02.004,The volatility effect in emerging markets,"Blitz, David; Pang, Juan; van Vliet, Pim",2013,Emerging Markets Review,journal-article,,False,2,Blitz (2016); Blitz (2017),,0.0,0.3268
10.3905/jpm.1991.409335,10.3905/jpm.1991.409335,The efficient market inefficiency of capitalization–weighted stock portfolios,"Haugen, Robert A.; Baker, Nardin L.",1991,The Journal of Portfolio Management,journal-article,,True,2,Blitz (2016); Blitz (2017),,0.0,0.3268
10.1016/j.jfi.2009.06.003,10.1016/j.jfi.2009.06.003,Costly arbitrage and idiosyncratic risk: Evidence from short sellers,"Duan, Ying; Hu, Gang; McLean, R. David",2010,Journal of Financial Intermediation,journal-article,,False,2,Cao (2016); seed: Does Academic Research Destroy Stock Ret,,0.0,0.3268
10.1093/0198292279.001.0001,10.1093/0198292279.001.0001,Inefficient Markets: An Introduction to Behavioral Finance,"Shleifer, Andrei",2000,Oxford University PressOxford,edited-book,"This book describes an approach, alternative to the theory of efficient markets, to the study of financial markets: behavioural finance. It begins by assessing the efficient market hypothesis, emphasising how some of its foundations are contradicted by psychological and institutional evidence. It then introduces the theory of behavioural finance and devotes the rest of the book to explore its main aspects, concentrating on the role and characteristics of noise traders, arbitrageurs, and investors. Chapters 2 through 4 focus on the limits imposed on arbitrage by factors such as risk aversion or agency problems. Two crucial conclusions are reached. First, plausible theories of arbitrage do not lead to the prediction that markets are efficient—quite the opposite. Second, the recognition that arbitrage is limited, even without specific assumptions about investor sentiment, generates new empirically testable predictions, some of which have been confirmed in the data. Chapters 5 and 6 centre on how investor sentiments are built, emphasising some empirical violations to the idea of efficient markets such as price bubbles. The book concludes suggesting that the theory of behavioural finance is indeed more effective that the efficient market theory in explaining some financial evidence.",False,2,Cao (2016); seed: Benchmarks as Limits to Arbitrage: Under,,0.0,0.3268
10.1111/j.1540-6261.1977.tb01979.x,10.1111/j.1540-6261.1977.tb01979.x,INVESTMENT PERFORMANCE OF COMMON STOCKS IN RELATION TO THEIR PRICE‐EARNINGS RATIOS: A TEST OF THE EFFICIENT MARKET HYPOTHESIS,"Basu, S.",1977,The Journal of Finance,journal-article,,True,2,BOWLES (2024); Linnainmaa (2018),,0.0,0.3268
10.1111/0022-1082.00077,10.1111/0022-1082.00077,Investor Psychology and Security Market Under‐ and Overreactions,"Daniel, Kent; Hirshleifer, David; Subrahmanyam, Avanidhar",1998,The Journal of Finance,journal-article,"We propose a theory of securities market under‐ and overreactions based on two well‐known psychological biases: investor overconfidence about the precision of private information; and biased self‐attribution, which causes asymmetric shifts in investors' confidence as a function of their investment outcomes. We show that overconfidence implies negative long‐lag autocorrelations, excess volatility, and, when managerial actions are correlated with stock mispricing, public‐event‐based return predictability. Biased self‐attribution adds positive short‐lag autocorrelations (“momentum”), short‐run earnings “drift,” but negative correlation between future returns and long‐term past stock market and accounting performance. The theory also offers several untested implications and implications for corporate financial policy.",True,2,BOWLES (2024); Bali (2011),,0.0,0.3268
10.1111/j.1540-6261.2009.01501.x,10.1111/j.1540-6261.2009.01501.x,Driven to Distraction: Extraneous Events and Underreaction to Earnings News,"HIRSHLEIFER, DAVID; LIM, SONYA SEONGYEON; TEOH, SIEW HONG",2009,The Journal of Finance,journal-article,"Recent studies propose that limited investor attention causes market underreactions. This paper directly tests this explanation by measuring the information load faced by investors. The investor distraction hypothesis holds that extraneous news inhibits market reactions to relevant news. We find that the immediate price and volume reaction to a firm's earnings surprise is much weaker, and post‐announcement drift much stronger, when a greater number of same‐day earnings announcements are made by other firms. We evaluate the economic importance of distraction effects through a trading strategy, which yields substantial alphas. Industry‐unrelated news and large earnings surprises have a stronger distracting effect.",True,2,BOWLES (2024); Bali (2017),,0.0,0.3268
10.1016/j.jacceco.2003.10.002,10.1016/j.jacceco.2003.10.002,"Limited attention, information disclosure, and financial reporting","Hirshleifer, David; Teoh, Siew Hong",2003,Journal of Accounting and Economics,journal-article,,False,2,BOWLES (2024); Bali (2017),,0.0,0.3268
10.1016/j.eswa.2018.09.036,10.1016/j.eswa.2018.09.036,"Improving financial trading decisions using deep Q-learning: Predicting the number of shares, action strategies, and transfer learning","Jeong, Gyeeun; Kim, Ha Young",2019,Expert Systems with Applications,journal-article,,True,2,Wang (2022); seed: Recent advances in reinforcement learnin,,0.0,0.3268
10.1257/aer.98.5.2066,10.1257/aer.98.5.2066,Stocks as Lotteries: The Implications of Probability Weighting for Security Prices,"Barberis, Nicholas; Huang, Ming",2008,American Economic Review,journal-article,"We study the asset pricing implications of Tversky and Kahneman's (1992) cumulative prospect theory, with a particular focus on its probability weighting component. Our main result, derived from a novel equilibrium with nonunique global optima, is that, in contrast to the prediction of a standard expected utility model, a security's own skewness can be priced: a positively skewed security can be “overpriced” and can earn a negative average excess return. We argue that our analysis offers a unifying way of thinking about a number of seemingly unrelated financial phenomena. (JEL D81, G11, G12)",False,2,Bali (2011); seed: Benchmarks as Limits to Arbitrage: Under,,0.0,0.3268
10.1086/524204,10.1086/524204,Down or Out: Assessing the Welfare Costs of Household Investment Mistakes,"Calvet, Laurent E.; Campbell, John Y.; Sodini, Paolo",2007,Journal of Political Economy,journal-article,,False,2,Bali (2011); seed: Betting against beta,,0.0,0.3268
10.2307/2326275,10.2307/2326275,Skewness Preference and the Valuation of Risk Assets,"Kraus, Alan; Litzenberger, Robert H.",1976,The Journal of Finance,journal-article,,True,2,Bali (2011); seed: … and the Cross-Section of Expected Retu,,0.0,0.3268
10.1093/revfin/hhm011,10.1093/revfin/hhm011,Equilibrium Underdiversification and the Preference for Skewness,"Mitton, Todd; Vorkink, Keith",2007,Review of Financial Studies,journal-article,,True,2,Bali (2011); seed: Benchmarks as Limits to Arbitrage: Under,,0.0,0.3268
10.1257/aer.89.5.1279,10.1257/aer.89.5.1279,Do Investors Trade Too Much?,"Odean, Terrance",1999,American Economic Review,journal-article,,False,2,Bali (2011); Bali (2017),,0.0,0.3268
10.1016/0304-405x(77)90041-1,10.1016/0304-405x(77)90041-1,Estimating betas from nonsynchronous data,"Scholes, Myron; Williams, Joseph",1977,Journal of Financial Economics,journal-article,,True,2,Bali (2011); Bali (2017),,0.0,0.3268
10.1257/aer.102.3.477,10.1257/aer.102.3.477,On the Use of Holdout Samples for Model Selection,"Schorfheide, Frank; Wolpin, Kenneth I",2012,American Economic Review,journal-article,"Researchers often hold out data from the estimation of econometric models to use for external validation. However, the use of holdout samples is suboptimal from a Bayesian perspective, which prescribes using the entire sample to form posterior model weights. This paper examines a possible rationale for the use of holdout samples: data-inspired modifications of structural models are likely to lead to an exaggeration of model fit. The use of holdout samples can, in principle, set an incentive for the modeler not to exaggerate model fit.",False,2,Drobetz (2024); seed: The Deflated Sharpe Ratio: Correcting fo,,0.0,0.3268
10.1111/0022-1082.00318,10.1111/0022-1082.00318,Have Individual Stocks Become More Volatile? An Empirical Exploration of Idiosyncratic Risk,"Campbell, John Y.; Lettau, Martin; Malkiel, Burton G.; Xu, Yexiao",2001,The Journal of Finance,journal-article,"This paper uses a disaggregated approach to study the volatility of common stocks at the market, industry, and firm levels. Over the period from 1962 to 1997 there has been a noticeable increase in firm‐level volatility relative to market volatility. Accordingly, correlations among individual stocks and the explanatory power of the market model for a typical stock have declined, whereas the number of stocks needed to achieve a given level of diversification has increased. All the volatility measures move together countercyclically and help to predict GDP growth. Market volatility tends to lead the other volatility series. Factors that may be responsible for these findings are suggested.",True,2,Drobetz (2024); Linnainmaa (2018),,0.0,0.3268
10.3982/ecta16901,10.3982/ecta16901,Deep Neural Networks for Estimation and Inference,"Farrell, Max H.; Liang, Tengyuan; Misra, Sanjog",2021,Econometrica,journal-article,"We study deep neural networks and their use in semiparametric inference. We establish novel nonasymptotic high probability bounds for deep feedforward neural nets. These deliver rates of convergence that are sufficiently fast (in some cases minimax optimal) to allow us to establish valid second‐step inference after first‐step estimation with deep learning, a result also new to the literature. Our nonasymptotic high probability bounds, and the subsequent semiparametric inference, treat the current standard architecture: fully connected feedforward neural networks (multilayer perceptrons), with the now‐common rectified linear unit activation function, unbounded weights, and a depth explicitly diverging with the sample size. We discuss other architectures as well, including fixed‐width, very deep networks. We establish the nonasymptotic bounds for these deep nets for a general class of nonparametric regression‐type loss functions, which includes as special cases least squares, logistic regression, and other generalized linear models. We then apply our theory to develop semiparametric inference, focusing on causal parameters for concreteness, and demonstrate the effectiveness of deep learning with an empirical application to direct mail marketing.",False,2,Allena (2025); Fallahgoul (2024),,0.0,0.3268
10.2308/accr.2003.78.1.353,10.2308/accr.2003.78.1.353,Accrued Earnings and Growth: Implications for Future Profitability and Market Mispricing,"Fairfield, Patricia M.; Whisenant, J. Scott; Yohn, Teri Lombardi",2003,The Accounting Review,journal-article,"Prior research reveals that the accrual component of profitability is less persistent than the cash flow component, and that investors fail to fully appreciate their differing implications for future profitability (Sloan 1996). However, accruals are a component of growth in net operating assets as well as a component of profitability. Just as we can disaggregate profitability into accruals and cash flows from operations, we can disaggregate growth in net operating assets into accruals and growth in long-term net operating assets. We find that, after controlling for current profitability, both components of growth in net operating assets—accruals and growth in long-term net operating assets—have equivalent negative associations with one-year-ahead return on assets. This result is consistent with conservative accounting and diminishing marginal returns on investments. We also find that, after controlling for current profitability, the market appears to equivalently overvalue accruals and growth in long-term net operating assets relative to their association with one-year-ahead ROA. Our evidence suggests that the accrual anomaly documented in Sloan (1996) is a special case of what could be viewed as a more general growth anomaly.",False,2,Fama (2015); seed: … and the Cross-Section of Expected Retu,,0.0,0.3268
10.2307/2331199,10.2307/2331199,"Book-To-Market across Firm Size, Exchange, and Seasonality: Is There an Effect?","Loughran, Tim",1997,The Journal of Financial and Quantitative Analysis,journal-article,,True,2,Bali (2017); Fama (2015),,0.0,0.3268
10.1198/016214505000000907,10.1198/016214505000000907,"Convexity, Classification, and Risk Bounds","Bartlett, Peter L; Jordan, Michael I; McAuliffe, Jon D",2006,Journal of the American Statistical Association,journal-article,,False,2,"Ho-Nguyen (2022); seed: Smart “Predict, then Optimize”",,0.0,0.3268
10.1016/j.spl.2004.03.002,10.1016/j.spl.2004.03.002,A note on margin-based loss functions in classification,"Lin, Yi",2004,Statistics &amp; Probability Letters,journal-article,,False,2,"Ho-Nguyen (2022); seed: Smart “Predict, then Optimize”",,0.0,0.3268
10.1016/j.orl.2004.08.003,10.1016/j.orl.2004.08.003,A practical inventory control policy using operational statistics,"Liyanage, Liwan H.; Shanthikumar, J.George",2005,Operations Research Letters,journal-article,,False,2,"Ho-Nguyen (2022); seed: Smart “Predict, then Optimize”",,0.0,0.3268
10.1006/jcom.2002.0642,10.1006/jcom.2002.0642,Support Vector Machines are Universally Consistent,"Steinwart, Ingo",2002,Journal of Complexity,journal-article,,False,2,"Ho-Nguyen (2022); seed: Smart “Predict, then Optimize”",,0.0,0.3268
10.1162/neco.2006.18.7.1527,10.1162/neco.2006.18.7.1527,A Fast Learning Algorithm for Deep Belief Nets,"Hinton, Geoffrey E.; Osindero, Simon; Teh, Yee-Whye",2006,Neural Computation,journal-article,"We show how to use “complementary priors” to eliminate the explaining-away effects that make inference difficult in densely connected belief nets that have many hidden layers. Using complementary priors, we derive a fast, greedy algorithm that can learn deep, directed belief networks one layer at a time, provided the top two layers form an undirected associative memory. The fast, greedy algorithm is used to initialize a slower learning procedure that fine-tunes the weights using a contrastive version of the wake-sleep algorithm. After fine-tuning, a network with three hidden layers forms a very good generative model of the joint distribution of handwritten digit images and their labels. This generative model gives better digit classification than the best discriminative learning algorithms. The low-dimensional manifolds on which the digits lie are modeled by long ravines in the free-energy landscape of the top-level associative memory, and it is easy to explore these ravines by using the directed connections to display what the associative memory has in mind.",False,2,Fallahgoul (2024); seed: Empirical Asset Pricing via Machine Lear,,0.0,0.3268
10.1016/s0304-405x(03)00064-3,10.1016/s0304-405x(03)00064-3,Style investing,"Barberis, Nicholas; Shleifer, Andrei",2003,Journal of Financial Economics,journal-article,,True,2,Linnainmaa (2018); seed: Does Academic Research Destroy Stock Ret,,0.0,0.3268
10.1016/j.jfineco.2004.04.003,10.1016/j.jfineco.2004.04.003,Comovement,"Barberis, Nicholas; Shleifer, Andrei; Wurgler, Jeffrey",2005,Journal of Financial Economics,journal-article,,True,2,Linnainmaa (2018); seed: Does Academic Research Destroy Stock Ret,,0.0,0.3268
10.1016/j.jacceco.2006.03.004,10.1016/j.jacceco.2006.03.004,"The relation between corporate financing activities, analysts’ forecasts and stock returns","Bradshaw, Mark T.; Richardson, Scott A.; Sloan, Richard G.",2006,Journal of Accounting and Economics,journal-article,,False,2,Linnainmaa (2018); seed: … and the Cross-Section of Expected Retu,,0.0,0.3268
10.1111/0022-1082.00080,10.1111/0022-1082.00080,Value versus Growth: The International Evidence,"Fama, Eugene F.; French, Kenneth R.",1998,The Journal of Finance,journal-article,"Value stocks have higher returns than growth stocks in markets around the world. For the period 1975 through 1995, the difference between the average returns on global portfolios of high and low book‐to‐market stocks is 7.68 percent per year, and value stocks outperform growth stocks in twelve of thirteen major markets. An international capital asset pricing model cannot explain the value premium, but a two‐factor model that includes a risk factor for relative distress captures the value premium in international returns.",True,2,Linnainmaa (2018); seed: Does Academic Research Destroy Stock Ret,,0.0,0.3268
10.1111/j.1540-6261.1991.tb03746.x,10.1111/j.1540-6261.1991.tb03746.x,Investor Sentiment and the Closed‐End Fund Puzzle,"LEE, CHARLES M. C.; SHLEIFER, ANDREI; THALER, RICHARD H.",1991,The Journal of Finance,journal-article,"This paper examines the proposition that fluctuations in discounts of closed‐end funds are driven by changes in individual investor sentiment. The theory implies that discounts on various funds move together, that new funds get started when seasoned funds sell at a premium or a small discount, and that discounts are correlated with prices of other securities affected by the same investor sentiment. The evidence supports these predictions. In particular, we find that both closed‐end funds and small stocks tend to be held by individual investors, and that the discounts on closed‐end funds narrow when small stocks do well.",True,2,Linnainmaa (2018); seed: Does Academic Research Destroy Stock Ret,,0.0,0.3268
10.2308/accr.2008.83.3.823,10.2308/accr.2008.83.3.823,The Use of DuPont Analysis by Market Participants,"Soliman, Mark T.",2008,The Accounting Review,journal-article,"DuPont analysis, a common form of financial statement analysis, decomposes return on net operating assets into two multiplicative components: profit margin and asset turnover. These two accounting ratios measure different constructs and, accordingly, have different properties. Prior research has found that a change in asset turnover is positively related to future changes in earnings. This paper comprehensively explores the DuPont components and contributes to the literature along three dimensions. First, the paper contributes to the financial statement analysis literature and finds that the information in this accounting signal is in fact incremental to accounting signals studied in prior research in predicting future earnings. Second, it contributes to the literature on the stock market's use of accounting information by examining immediate and future equity return responses to these components by investors. Finally, it adds to the literature on analysts' processing of accounting information by again testing immediate and delayed response of analysts through contemporaneous forecast revisions as well as future forecast errors. Consistent across both groups of market participants, the results show that the information is useful as evidenced by associations between the DuPont components and stock returns as well as analyst forecast revisions. However, I find predictable future forecast errors and future abnormal returns indicating that the information processing does not appear to be complete. Taken together, the analysis indicates that the DuPont components represent an incremental and viable form of information about the operating characteristics of a firm.",False,2,Linnainmaa (2018); seed: … and the Cross-Section of Expected Retu,,0.0,0.3268
10.1016/s0304-405x(99)00031-8,10.1016/s0304-405x(99)00031-8,The long-run performance of stock returns following debt offerings,"Spiess, D.Katherine; Affleck-Graves, John",1999,Journal of Financial Economics,journal-article,,True,2,Linnainmaa (2018); seed: … and the Cross-Section of Expected Retu,,0.0,0.3268
10.1086/262030,10.1086/262030,Evaluating the Effects of Incomplete Markets on Risk Sharing and Asset Pricing,"Heaton, John; Lucas, Deborah J.",1996,Journal of Political Economy,journal-article,,False,2,Carrasco (2023); seed: Dynamic Trading with Predictable Returns,,0.0,0.3268
10.2307/2938261,10.2307/2938261,Quadrature-Based Methods for Obtaining Approximate Solutions to Nonlinear Asset Pricing Models,"Tauchen, George; Hussey, Robert",1991,Econometrica,journal-article,,False,2,Carrasco (2023); Mei (2018),,0.0,0.3268
10.1137/s0363012993247159,10.1137/s0363012993247159,On an Investment-Consumption Model with Transaction Costs,"Akian, Marianne; Menaldi, José Luis; Sulem, Agnès",1996,SIAM Journal on Control and Optimization,journal-article,"This paper considers the optimal consumption and investment policy for an investor who has available one bank account paying a fixed interest rate and n risky assets whose prices are log-normal diffusions. We suppose that transactions between the assets incur a cost proportional to the size of the transaction. The problem is to maximize the total utility of consumption. Dynamic programming leads to a variational inequality for the value function. Existence and uniqueness of a viscosity solution are proved. The variational inequality is solved by using a numerical algorithm based on policies, iterations, and multigrid methods. Numerical results are displayed for $n = 1$ and $n = 2$.",False,2,Blomvall (2026); Mei (2018),,0.0,0.3268
10.1287/opre.1090.0796,10.1287/opre.1090.0796,Information Relaxations and Duality in Stochastic Dynamic Programs,"Brown, David B.; Smith, James E.; Sun, Peng",2010,Operations Research,journal-article,"We describe a general technique for determining upper bounds on maximal values (or lower bounds on minimal costs) in stochastic dynamic programs. In this approach, we relax the nonanticipativity constraints that require decisions to depend only on the information available at the time a decision is made and impose a “penalty” that punishes violations of nonanticipativity. In applications, the hope is that this relaxed version of the problem will be simpler to solve than the original dynamic program. The upper bounds provided by this dual approach complement lower bounds on values that may be found by simulating with heuristic policies. We describe the theory underlying this dual approach and establish weak duality, strong duality, and complementary slackness results that are analogous to the duality results of linear programming. We also study properties of good penalties. Finally, we demonstrate the use of this dual approach in an adaptive inventory control problem with an unknown and changing demand distribution and in valuing options with stochastic volatilities and interest rates. These are complex problems of significant practical interest that are quite difficult to solve to optimality. In these examples, our dual approach requires relatively little additional computation and leads to tight bounds on the optimal values.",True,2,Blomvall (2026); Mei (2018),,0.0,0.3268
10.1287/mnsc.25.11.1127,10.1287/mnsc.25.11.1127,Multiperiod Consumption and Investment Behavior with Convex Transactions Costs,"Constantinides, George M.",1979,Management Science,journal-article,"The effect of convex transactions costs on consumers' derived utility functions and on optimal consumption and investment decisions is examined in a general multiperiod framework. The extent to which multiperiod consumption-investment behavior and capital market equilibrium may be studied in a single period framework is discussed. Optimal investment policy, in terms of a region of no transactions, is shown to be of a particularly simple form.",True,2,Blomvall (2026); Mei (2018),,0.0,0.3268
10.1093/rfs/hhn035,10.1093/rfs/hhn035,Do Retail Trades Move Markets?,"Barber, Brad M.; Odean, Terrance; Zhu, Ning",2008,Review of Financial Studies,journal-article,,True,2,Bali (2017); seed: … and the Cross-Section of Expected Retu,,0.0,0.3268
10.1111/j.1540-6261.1988.tb04594.x,10.1111/j.1540-6261.1988.tb04594.x,Liquidity and Market Structure,"GROSSMAN, SANFORD J.; MILLER, MERTON H.",1988,The Journal of Finance,journal-article,"Market liquidity is modeled as being determined by the demand and supply of immediacy. Exogenous liquidity events coupled with the risk of delayed trade create a demand for immediacy. Market makers supply immediacy by their continuous presence and willingness to bear risk during the time period between the arrival of final buyers and sellers. In the long run the number of market makers adjusts to equate the supply and demand for immediacy. This determines the equilibrium level of liquidity in the market. The lower is the autocorrelation in rates of return, the higher is the equilibrium level of liquidity.",True,2,Bali (2017); seed: Dynamic Trading with Predictable Returns,,0.0,0.3268
10.1016/j.jfineco.2012.09.011,10.1016/j.jfineco.2012.09.011,Innovative efficiency and stock returns,"Hirshleifer, David; Hsu, Po-Hsuan; Li, Dongmei",2013,Journal of Financial Economics,journal-article,,True,2,Bali (2017); seed: … and the Cross-Section of Expected Retu,,0.0,0.3268
10.1515/9781400830213,10.1515/9781400830213,The Econometrics of Financial Markets,"Campbell, John Y.; Lo, Andrew W.; MacKinlay, A. Craig",1997,Princeton University Press,edited-book,,False,2,Wang (2020); seed: Recent advances in reinforcement learnin,,0.0,0.3268
10.1109/cifer.2014.6924109,10.1109/cifer.2014.6924109,A reinforcement learning extension to the Almgren-Chriss framework for optimal trade execution,"Hendricks, Dieter; Wilcox, Diane",2014,2014 IEEE Conference on Computational Intelligence for Financial Engineering &amp; Economics (CIFEr),proceedings-article,,False,2,Wang (2020); seed: Recent advances in reinforcement learnin,,0.0,0.3268
10.2307/2295722,10.2307/2295722,Myopia and Inconsistency in Dynamic Utility Maximization,"Strotz, R. H.",1955,The Review of Economic Studies,journal-article,,False,2,Wang (2020); seed: Recent advances in reinforcement learnin,,0.0,0.3268
10.3905/jpm.2013.39.4.049,10.3905/jpm.2013.39.4.049,The Devil in HML’s Details,"Asness, Clifford; Frazzini, Andrea",2013,The Journal of Portfolio Management,journal-article,,True,2,Bradrania (2023); seed: Betting against beta,,0.0,0.3268
10.1093/rfs/hhr027,10.1093/rfs/hhr027,Margin-based Asset Pricing and Deviations from the Law of One Price,"Gârleanu, Nicolae; Pedersen, Lasse Heje",2011,Review of Financial Studies,journal-article,,True,2,Bradrania (2023); seed: Betting against beta,,0.0,0.3268
10.1093/rfs/hhl041,10.1093/rfs/hhl041,Unobserved Actions of Mutual Funds,"Kacperczyk, Marcin; Sialm, Clemens; Zheng, Lu",2006,Review of Financial Studies,journal-article,,True,2,Irvine (2024); seed: Betting against beta,,0.0,0.3268
10.1111/j.1540-6261.1973.tb01452.x,10.1111/j.1540-6261.1973.tb01452.x,A NOTE ON USING CROSS‐SECTIONAL INFORMATION IN BAYESIAN ESTIMATION OF SECURITY BETAS,"Vasicek, Oldrich A.",1973,The Journal of Finance,journal-article,,True,2,Irvine (2024); seed: Betting against beta,,0.0,0.3268
10.1016/j.jfineco.2008.02.005,10.1016/j.jfineco.2008.02.005,Dispersion in analysts’ earnings forecasts and credit rating,"Avramov, Doron; Chordia, Tarun; Jostova, Gergana; Philipov, Alexander",2009,Journal of Financial Economics,journal-article,,True,2,seed: Machine Learning vs. Economic Restrictio; seed: … and the Cross-Section of Expected Retu,,0.0,0.3268
10.1093/rfs/hhn098,10.1093/rfs/hhn098,Market Liquidity and Funding Liquidity,"Brunnermeier, Markus K.; Pedersen, Lasse Heje",2008,Review of Financial Studies,journal-article,,True,2,seed: Betting against beta; seed: Machine Learning vs. Economic Restrictio,,0.0,0.3268
10.1016/s0304-405x(02)00228-3,10.1016/s0304-405x(02)00228-3,Equilibrium and welfare in markets with financially constrained arbitrageurs,"Gromb, Denis; Vayanos, Dimitri",2002,Journal of Financial Economics,journal-article,,True,2,seed: Betting against beta; seed: Machine Learning vs. Economic Restrictio,,0.0,0.3268
10.1002/9781119751182.ch1,10.1002/9781119751182.ch1,Time‐series and Cross‐sectional Stock Return Forecasting: New Machine Learning Methods,"Rapach, David E.; Zhou, Guofu",2020,Machine Learning for Asset Management,other,,False,2,seed: Machine Learning vs. Economic Restrictio; seed: The Virtue of Complexity in Return Predi,,0.0,0.3268
10.1111/0022-1082.00490,10.1111/0022-1082.00490,Differences of Opinion and the Cross Section of Stock Returns,"Diether, Karl B.; Malloy, Christopher J.; Scherbina, Anna",2002,The Journal of Finance,journal-article,"We provide evidence that stocks with higher dispersion in analysts' earnings forecasts earn lower future returns than otherwise similar stocks. This effect is most pronounced in small stocks and stocks that have performed poorly over the past year. Interpreting dispersion in analysts forecasts as a proxy for differences in opinion about a stock, we show that this evidence is consistent with the hypothesis that prices will reflect the optimistic view whenever investors with the lowest valuations do not trade. By contrast, our evidence is inconsistent with a view that dispersion in analysts' forecasts proxies for risk.",True,2,seed: Benchmarks as Limits to Arbitrage: Under; seed: … and the Cross-Section of Expected Retu,,0.0,0.3268
10.1111/j.2517-6161.1995.tb02031.x,10.1111/j.2517-6161.1995.tb02031.x,Controlling the False Discovery Rate: A Practical and Powerful Approach to Multiple Testing,"Benjamini, Yoav; Hochberg, Yosef",1995,Journal of the Royal Statistical Society Series B: Statistical Methodology,journal-article,"SUMMARY The common approach to the multiplicity problem calls for controlling the familywise error rate (FWER). This approach, though, has faults, and we point out a few. A different approach to problems of multiple significance testing is presented. It calls for controlling the expected proportion of falsely rejected hypotheses — the false discovery rate. This error rate is equivalent to the FWER when all hypotheses are true but is smaller otherwise. Therefore, in problems where the control of the false discovery rate rather than that of the FWER is desired, there is potential for a gain in power. A simple sequential Bonferronitype procedure is proved to control the false discovery rate for independent test statistics, and a simulation study shows that the gain in power is substantial. The use of the new procedure and the appropriateness of the criterion are illustrated with examples.",False,2,seed: The Deflated Sharpe Ratio: Correcting fo; seed: … and the Cross-Section of Expected Retu,,0.0,0.3268
10.1007/978-0-387-49317-6,10.1007/978-0-387-49317-6,Multiple Testing Procedures with Applications to Genomics,"Dudoit, Sandrine; van der Laan, Mark J.",2008,Springer Series in Statistics,book,,False,2,seed: The Deflated Sharpe Ratio: Correcting fo; seed: … and the Cross-Section of Expected Retu,,0.0,0.3268
10.1002/9780470316672,10.1002/9780470316672,Multiple Comparison Procedures,"Hochberg, Yosef; Tamhane, Ajit C.",1987,Wiley Series in Probability and Statistics,monograph,,False,2,seed: The Deflated Sharpe Ratio: Correcting fo; seed: … and the Cross-Section of Expected Retu,,0.0,0.3268
ref:339a25530261,,Kingma D.P. and Ba J. Adam: A method for stochastic optimization. Proceedings of the International Conference on Learning Representations (ICLR) 2015.,,2015,,unknown,,False,2,Costa (2023); seed: Deep hedging,Kingma D.P. and Ba J. Adam: A method for stochastic optimization. Proceedings of the International Conference on Learning Representations (ICLR) 2015.,,0.2744
ref:8bd0d8145ce7,,Measurement of portfolio performance under uncertainty,Friend Irwin,1970,American Economic Review,unknown,,False,2,Barroso (2025); CEDERBURG (2016),,,0.2744
ref:0bc2e7e598d4,,A Unified Approach to Interpreting Model Predictions,Lundberg S. M.,2017,Advances in Neural Information Processing Systems,unknown,,False,2,Fallahgoul (2024); Jo (2026),"Lundberg, S. M., and S. I. Lee. 2017. “A Unified Approach to Interpreting Model Predictions.” Advances in Neural Information Processing Systems 30: 4765–4774.",,0.2744
ref:51804d153106,,Economic Forecasts and Expectations: Analysis of Forecasting Behavior and Performance,Mincer,1969,,book,,False,2,Drobetz (2024); Han (2024),,,0.2744
ref:7c89975c93ca,,Deep learning for predicting asset returns,Feng,2018,,unknown,,False,2,Babiak (2026); Zhao (2022),,,0.2744
ref:b05f2957f338,,Adam: A method for stochastic optimization,Kingma,2014,,unknown,,False,2,Babiak (2026); seed: Autoencoder asset pricing models,,,0.2744
ref:03220a543bb4,,Do stock prices move too much to be justified by subsequent changes in dividends?,Shiller,1981,Am. Econ. Rev.,unknown,,False,2,Babiak (2026); seed: Does Academic Research Destroy Stock Ret,,,0.2744
ref:62f1b1489846,,Deep learning for mortgage risk,Sirignano,2016,,unknown,,False,2,Babiak (2026); seed: Empirical Asset Pricing via Machine Lear,,,0.2744
ref:e7816172cd2d,,Active Portfolio Management,Grinold,1999,,book,,False,2,Moallemi (2017); seed: Recent advances in reinforcement learnin,,,0.2744
ref:831b299df64c,,A note on using cross-sectional information in Bayesian estimation of security betas,Vasicek,1973,J. Finance,unknown,,False,2,Barroso (2025); Drobetz (2024),,,0.2744
ref:ea4204a43440,,Econometric analysis,"Greene,",2008,,book,,False,2,Kim (2020); seed: … and the Cross-Section of Expected Retu,,,0.2744
ref:52a74696c1a1,,Greedy function approximation: a gradient boosting machine,Friedman,2001,Ann. Statist.,unknown,,False,2,Zhao (2022); seed: Empirical Asset Pricing via Machine Lear,,,0.2744
ref:3e8d7a6ce307,,"Security Prices, Risk, and Maximal Gains from Diversification",Lintner,1965,Journal of Finance,unknown,,False,2,Bradrania (2023); Drobetz (2024),,,0.2744
ref:fa90721e5eb8,,Practical neural network recipes in C++,Masters,1993,,unknown,,False,2,Fallahgoul (2024); seed: Empirical Asset Pricing via Machine Lear,,,0.2744
ref:ebde20f6a4d8,,Abnormal returns to a fundamental analysis strategy,"Abarbanell,",1998,Accounting Review,unknown,,False,2,Linnainmaa (2018); seed: … and the Cross-Section of Expected Retu,,,0.2744
ref:79a8069e97aa,,Reinforcement learning: An introduction,Sutton R. S.,2018,,book,,False,2,Wang (2020); seed: Recent advances in reinforcement learnin,,,0.2744
ref:c078c1536cb2,,Conditional Betas,Santos,2004,,unknown,,False,2,seed: Autoencoder asset pricing models; seed: Characteristics are covariances: A unifi,,,0.2744
ref:9c5c85cdcd96,,Actor‐critic algorithms,Konda V.,2002,,book,,False,2,seed: Learning to trade via direct reinforceme; seed: Recent advances in reinforcement learnin,,,0.2744
ref:df582c67c90a,,Specification searches: Ad hoc inference with nonexperimental data,Leamer,1978,,book,,False,2,seed: Does Academic Research Destroy Stock Ret; seed: … and the Cross-Section of Expected Retu,,,0.2744
ref:83a94b2d1582,,Handbook of the economics of finance,Schwert,2003,,unknown,,False,2,seed: Does Academic Research Destroy Stock Ret; seed: … and the Cross-Section of Expected Retu,,,0.2744
